id,datetime,sentiment,text,tokens...,,,,,,,,,,,,,,,,,,,,,,,,,,,,,
815422340540547000,1/01/2017 5:00,0.8125,"TO ALL AMERICANS-#HappyNewYear &amp, many blessings to you all! Looking forward to a wonderful &amp, prosperous 2017 as we... https://t.co/1asdMAL4iy",to,all,americans-,#happynewyear,&,many,blessings,to,you,all,looking,forward,to,a,wonderful,&,prosperous,2017,as,we,http://...,,,,,,,,,
815930688889352000,2/01/2017 14:40,0.568181818,"Well, the New Year begins. We will, together, MAKE AMERICA GREAT AGAIN!",well,the,new,year,begins,we,will,together,make,america,great,again,,,,,,,,,,,,,,,,,,
815973752785793000,2/01/2017 17:31,0,"Chicago murder rate is record setting - 4,331 shooting victims with 762 murders in 2016. If Mayor can't do it he must ask for Federal help!",chicago,murder,rate,is,record,setting,-,4331,shooting,victims,with,762,murders,in,2016,if,mayor,cant,do,it,he,must,ask,for,federal,help,,,,
815989154555297000,2/01/2017 18:32,-0.2,"""@CNN just released a book called """"Unprecedented"""" which explores the 2016 race &amp, victory. Hope it does well but used worst cover photo of me!""",@cnn,just,released,a,book,called,unprecedented,which,explores,the,2016,race,&,victory,hope,it,does,well,but,used,worst,cover,photo,of,me,,,,,
815990335318982000,2/01/2017 18:37,-0.166666667,"Various media outlets and pundits say that I thought I was going to lose the election. Wrong, it all came together in the last week and.....",various,media,outlets,and,pundits,say,that,i,thought,i,was,going,to,lose,the,election,wrong,it,all,came,together,in,the,last,week,and,,,,
815992069412057000,2/01/2017 18:44,0.483333333,"I thought and felt I would win big, easily over the fabled 270 (306). When they cancelled fireworks, they knew, and so did I.",i,thought,and,felt,i,would,win,big,easily,over,the,fabled,270,306,when,they,cancelled,fireworks,they,knew,and,so,did,i,,,,,,
816057920223846000,2/01/2017 23:05,0.125,North Korea just stated that it is in the final stages of developing a nuclear weapon capable of reaching parts of the U.S. It won't happen!,north,korea,just,stated,that,it,is,in,the,final,stages,of,developing,a,nuclear,weapon,capable,of,reaching,parts,of,the,us,it,wont,happen,,,,
816068355555815000,2/01/2017 23:47,0.25,"China has been taking out massive amounts of money &amp, wealth from the U.S. in totally one-sided trade, but won't help with North Korea. Nice!",china,has,been,taking,out,massive,amounts,of,money,&,wealth,from,the,us,in,totally,one-sided,trade,but,wont,help,with,north,korea,nice,,,,,
816260343391514000,3/01/2017 12:30,0.1125,General Motors is sending Mexican made model of Chevy Cruze to U.S. car dealers-tax free across border. Make in U.S.A.or pay big border tax!,general,motors,is,sending,mexican,made,model,of,chevy,cruze,to,us,car,dealers-tax,free,across,border,make,in,usaor,pay,big,border,tax,,,,,,
816264484629184000,3/01/2017 12:46,-0.6,"""People must remember that ObamaCare just doesn't work, and it is not affordable - 116% increases (Arizona). Bill Clinton called it """"CRAZY""""""",people,must,remember,that,obamacare,just,doesnt,work,and,it,is,not,affordable,-,116,increases,arizona,bill,clinton,called,it,crazy,,,,,,,,
816265668958031000,3/01/2017 12:51,-0.5,"""The Democrat Governor.of Minnesota said """"The Affordable Care Act (ObamaCare) is no longer affordable!"""" - And, it is lousy healthcare.""",the,democrat,governorof,minnesota,said,the,affordable,care,act,obamacare,is,no,longer,affordable,-,and,it,is,lousy,healthcare,,,,,,,,,,
816298944456232000,3/01/2017 15:03,-0.1,"With all that Congress has to work on, do they really have to make the weakening of the Independent Ethics Watchdog, as unfair as it",with,all,that,congress,has,to,work,on,do,they,really,have,to,make,the,weakening,of,the,independent,ethics,watchdog,as,unfair,as,it,,,,,
816300003442495000,3/01/2017 15:07,0.275,"........may be, their number one act and priority. Focus on tax reform, healthcare and so many other things of far greater importance! #DTS",may,be,their,number,one,act,and,priority,focus,on,tax,reform,healthcare,and,so,many,other,things,of,far,greater,importance,#dts,,,,,,,
816324295781740000,3/01/2017 16:44,-0.125,"""""""@DanScavino: Ford to scrap Mexico plant, invest in Michigan due to Trump policies""""https://t.co/137nUo03Gl""",@danscavino,ford,to,scrap,mexico,plant,invest,in,michigan,due,to,trump,policies,http://...,,,,,,,,,,,,,,,,
816328314759606000,3/01/2017 17:00,0.8,"Instead of driving jobs and wealth away, AMERICA will become the world's great magnet for INNOVATION &amp, JOB CREATION.https://t.co/siXrptsOrt",instead,of,driving,jobs,and,wealth,away,america,will,become,the,worlds,great,magnet,for,innovation,&,job,creation,http://...,,,,,,,,,,
816333480409833000,3/01/2017 17:20,-0.2,There should be no further releases from Gitmo. These are extremely dangerous people and should not be allowed back onto the battlefield.,there,should,be,no,further,releases,from,gitmo,these,are,extremely,dangerous,people,and,should,not,be,allowed,back,onto,the,battlefield,,,,,,,,
816354639859871000,3/01/2017 18:44,0,"""""""Trump is already delivering the jobs he promised America"""" https://t.co/11spTMa6Tm""",trump,is,already,delivering,the,jobs,he,promised,america,http://...,,,,,,,,,,,,,,,,,,,,
816433590892429000,3/01/2017 23:58,0.05,I will be having a general news conference on JANUARY ELEVENTH in N.Y.C. Thank you.,i,will,be,having,a,general,news,conference,on,january,eleventh,in,nyc,thank,you,,,,,,,,,,,,,,,
816452807024840000,4/01/2017 1:14,0.139583333,"""The """"Intelligence"""" briefing on so-called """"Russian hacking"""" was delayed until Friday, perhaps more time needed to build a case. Very strange!""",the,intelligence,briefing,on,so-called,russian,hacking,was,delayed,until,friday,perhaps,more,time,needed,to,build,a,case,very,strange,,,,,,,,,
816620855958601000,4/01/2017 12:22,-0.2625,"""Julian Assange said """"a 14 year old could have hacked Podesta"""" - why was DNC so careless? Also said Russians did not give him the info!""",julian,assange,said,a,14,year,old,could,have,hacked,podesta,-,why,was,dnc,so,careless,also,said,russians,did,not,give,him,the,info,,,,
816632793862176000,4/01/2017 13:10,-0.063333333,"""""""@FoxNews: Julian Assange on U.S. media coverage: ‚ÄúIt‚Äôs very dishonest.‚Äù #Hannity https://t.co/ADcPRQifH9"""" More dishonest than anyone knows""",@foxnews,julian,assange,on,us,media,coverage,its,very,dishonest,#hannity,http://...,more,dishonest,than,anyone,knows,,,,,,,,,,,,,
816635078067490000,4/01/2017 13:19,0.257575758,Thank you to Ford for scrapping a new plant in Mexico and creating 700 new jobs in the U.S. This is just the beginning - much more to follow,thank,you,to,ford,for,scrapping,a,new,plant,in,mexico,and,creating,700,new,jobs,in,the,us,this,is,just,the,beginning,-,much,more,to,follow,
816637064708030000,4/01/2017 13:27,-1,"""Somebody hacked the DNC but why did they not have """"hacking defense"""" like the RNC has and why have they not responded to the terrible......""",somebody,hacked,the,dnc,but,why,did,they,not,have,hacking,defense,like,the,rnc,has,and,why,have,they,not,responded,to,the,terrible,,,,,
816638194468999000,4/01/2017 13:31,-0.0625,"things they did and said (like giving the questions to the debate to H). A total double standard! Media, as usual, gave them a pass.",things,they,did,and,said,like,giving,the,questions,to,the,debate,to,h,a,total,double,standard,media,as,usual,gave,them,a,pass,,,,,
816644321768312000,4/01/2017 13:55,-0.08,"Republicans must be careful in that the Dems own the failed ObamaCare disaster, with its poor coverage and massive premium increases......",republicans,must,be,careful,in,that,the,dems,own,the,failed,obamacare,disaster,with,its,poor,coverage,and,massive,premium,increases,,,,,,,,,
816645831659061000,4/01/2017 14:01,-0.17,"like the 116% hike in Arizona. Also, deductibles are so high that it is practically useless. Don't let the Schumer clowns out of this web...",like,the,116,hike,in,arizona,also,deductibles,are,so,high,that,it,is,practically,useless,dont,let,the,schumer,clowns,out,of,this,web,,,,,
816652088662958000,4/01/2017 14:26,0.075,massive increases of ObamaCare will take place this year and Dems are to blame for the mess. It will fall of its own weight - be careful!,massive,increases,of,obamacare,will,take,place,this,year,and,dems,are,to,blame,for,the,mess,it,will,fall,of,its,own,weight,-,be,careful,,,
816718880731234000,4/01/2017 18:52,0,"""Jackie Evancho's album sales have skyrocketed after announcing her Inauguration performance.Some people just don't understand the """"Movement""""""",jackie,evanchos,album,sales,have,skyrocketed,after,announcing,her,inauguration,performancesome,people,just,dont,understand,the,movement,,,,,,,,,,,,,
816977032433270000,5/01/2017 11:57,-0.4375,"The Democrats, lead by head clown Chuck Schumer, know how bad ObamaCare is and what a mess they are in. Instead of working to fix it, they..",the,democrats,lead,by,head,clown,chuck,schumer,know,how,bad,obamacare,is,and,what,a,mess,they,are,in,instead,of,working,to,fix,it,they,,,
816977937731878000,5/01/2017 12:01,-0.083333333,"""...do the typical political thing and BLAME. The fact is ObamaCare was a lie from the beginning.""""Keep you doctor, keep your plan!"""" It is....""",do,the,typical,political,thing,and,blame,the,fact,is,obamacare,was,a,lie,from,the,beginningkeep,you,doctor,keep,your,plan,it,is,,,,,,
816979231217483000,5/01/2017 12:06,0.051666667,"...time for Republicans &amp, Democrats to get together and come up with a healthcare plan that really works - much less expensive &amp, FAR BETTER!",time,for,republicans,&,democrats,to,get,together,and,come,up,with,a,healthcare,plan,that,really,works,-,much,less,expensive,&,far,better,,,,,
816999062562107000,5/01/2017 13:25,-0.266666667,"The dishonest media likes saying that I am in Agreement with Julian Assange - wrong. I simply state what he states, it is for the people....",the,dishonest,media,likes,saying,that,i,am,in,agreement,with,julian,assange,-,wrong,i,simply,state,what,he,states,it,is,for,the,people,,,,
817004210529116000,5/01/2017 13:45,0.3,"""to make up their own minds as to the truth. The media lies to make it look like I am against """"Intelligence"""" when in fact I am a big fan!""",to,make,up,their,own,minds,as,to,the,truth,the,media,lies,to,make,it,look,like,i,am,against,intelligence,when,in,fact,i,am,a,big,fan
817071792711942000,5/01/2017 18:14,0.085227273,"Toyota Motor said will build a new plant in Baja, Mexico, to build Corolla cars for U.S. NO WAY! Build plant in U.S. or pay big border tax.",toyota,motor,said,will,build,a,new,plant,in,baja,mexico,to,build,corolla,cars,for,us,no,way,build,plant,in,us,or,pay,big,border,tax,,
817164923843280000,6/01/2017 0:24,0,"""How did NBC get """"an exclusive look into the top secret report he (Obama) was presented?"""" Who gave them this report and why? Politics!""",how,did,nbc,get,an,exclusive,look,into,the,top,secret,report,he,obama,was,presented,who,gave,them,this,report,and,why,politics,,,,,,
817166353266262000,6/01/2017 0:30,0,The Democratic National Committee would not allow the FBI to study or see its computer info after it was supposedly hacked by Russia......,the,democratic,national,committee,would,not,allow,the,fbi,to,study,or,see,its,computer,info,after,it,was,supposedly,hacked,by,russia,,,,,,,
817168818539757000,6/01/2017 0:40,0.5,So how and why are they so sure about hacking if they never even requested an examination of the computer servers? What is going on?,so,how,and,why,are,they,so,sure,about,hacking,if,they,never,even,requested,an,examination,of,the,computer,servers,what,is,going,on,,,,,
817329823374831000,6/01/2017 11:19,0.08,"The dishonest media does not report that any money spent on building the Great Wall (for sake of speed), will be paid back by Mexico later!",the,dishonest,media,does,not,report,that,any,money,spent,on,building,the,great,wall,for,sake,of,speed,will,be,paid,back,by,mexico,later,,,,
817334794958807000,6/01/2017 11:39,0,Hillary and the Dems were never going to beat the PASSION of my voters. They saw what was happening in the last two weeks before the......,hillary,and,the,dems,were,never,going,to,beat,the,passion,of,my,voters,they,saw,what,was,happening,in,the,last,two,weeks,before,the,,,,
817336355193753000,6/01/2017 11:45,-0.05,and knew they were in big trouble - which is why they cancelled their big fireworks at the last minute.THEY SAW A MOVEMENT LIKE NEVER BEFORE,and,knew,they,were,in,big,trouble,-,which,is,why,they,cancelled,their,big,fireworks,at,the,last,minutethey,saw,a,movement,like,never,before,,,,
817341196251070000,6/01/2017 12:05,0.6,"Hopefully, all supporters, and those who want to MAKE AMERICA GREAT AGAIN, will go to D.C. on January 20th. It will be a GREAT SHOW!",hopefully,all,supporters,and,those,who,want,to,make,america,great,again,will,go,to,dc,on,january,20th,it,will,be,a,great,show,,,,,
817348644647108000,6/01/2017 12:34,0.15,"""Wow, the ratings are in and Arnold Schwarzenegger got """"swamped"""" (or destroyed) by comparison to the ratings machine, DJT. So much for....""",wow,the,ratings,are,in,and,arnold,schwarzenegger,got,swamped,or,destroyed,by,comparison,to,the,ratings,machine,djt,so,much,for,,,,,,,,
817350726800306000,6/01/2017 12:42,0,"being a movie star-and that was season 1 compared to season 14. Now compare him to my season 1. But who cares, he supported Kasich &amp, Hillary",being,a,movie,star-and,that,was,season,1,compared,to,season,14,now,compare,him,to,my,season,1,but,who,cares,he,supported,kasich,&,hillary,,,
817374875962769000,6/01/2017 14:18,0,"Anna Wintour came to my office at Trump Tower to ask me to meet with the editors of Conde Nast &amp, Steven Newhouse, a friend. Will go this AM.",anna,wintour,came,to,my,office,at,trump,tower,to,ask,me,to,meet,with,the,editors,of,conde,nast,&,steven,newhouse,a,friend,will,go,this,am,
817413321058029000,6/01/2017 16:51,0.033333333,I am asking the chairs of the House and Senate committees to investigate top secret intelligence shared with NBC prior to me seeing it.,i,am,asking,the,chairs,of,the,house,and,senate,committees,to,investigate,top,secret,intelligence,shared,with,nbc,prior,to,me,seeing,it,,,,,,
817453219613917000,6/01/2017 19:30,-0.1875,Monitoring the terrible situation in Florida. Just spoke to Governor Scott. Thoughts and prayers for all. Stay safe!,monitoring,the,terrible,situation,in,florida,just,spoke,to,governor,scott,thoughts,and,prayers,for,all,stay,safe,,,,,,,,,,,,
817522928862502000,7/01/2017 0:07,0.8,Happy Birthday @EricTrump!https://t.co/bJaEY7qFSn,happy,birthday,@erictrump,http://...,,,,,,,,,,,,,,,,,,,,,,,,,,
817579925771341000,7/01/2017 3:53,0.270833333,Gross negligence by the Democratic National Committee allowed hacking to take place.The Republican National Committee had strong defense!,gross,negligence,by,the,democratic,national,committee,allowed,hacking,to,take,placethe,republican,national,committee,had,strong,defense,,,,,,,,,,,,
817701436096126000,7/01/2017 11:56,0.219166667,Intelligence stated very strongly there was absolutely no evidence that hacking affected the election results. Voting machines not touched!,intelligence,stated,very,strongly,there,was,absolutely,no,evidence,that,hacking,affected,the,election,results,voting,machines,not,touched,,,,,,,,,,,
817703208567078000,7/01/2017 12:03,-0.1,Only reason the hacking of the poorly defended DNC is discussed is that the loss by the Dems was so big that they are totally embarrassed!,only,reason,the,hacking,of,the,poorly,defended,dnc,is,discussed,is,that,the,loss,by,the,dems,was,so,big,that,they,are,totally,embarrassed,,,,
817748207694467000,7/01/2017 15:02,0.0125,"""Having a good relationship with Russia is a good thing, not a bad thing. Only """"stupid"""" people, or fools, would think that it is bad! We.....""",having,a,good,relationship,with,russia,is,a,good,thing,not,a,bad,thing,only,stupid,people,or,fools,would,think,that,it,is,bad,we,,,,
817750330196819000,7/01/2017 15:10,0.2,"have enough problems around the world without yet another one. When I am President, Russia will respect us far more than they do now and....",have,enough,problems,around,the,world,without,yet,another,one,when,i,am,president,russia,will,respect,us,far,more,than,they,do,now,and,,,,,
817753083707015000,7/01/2017 15:21,0.75,"both countries will, perhaps, work together to solve some of the many great and pressing problems and issues of the WORLD!",both,countries,will,perhaps,work,together,to,solve,some,of,the,many,great,and,pressing,problems,and,issues,of,the,world,,,,,,,,,
817882028272128000,7/01/2017 23:54,0.281944444,"Congratulation to Jane Timken on her major upset victory in becoming the Ohio Republican Party Chair. Jane is a loyal Trump supporter &amp, star",congratulation,to,jane,timken,on,her,major,upset,victory,in,becoming,the,ohio,republican,party,chair,jane,is,a,loyal,trump,supporter,&,star,,,,,,
817915516018892000,8/01/2017 2:07,0.420178571,"I look very much forward to meeting Prime Minister Theresa May in Washington in the Spring. Britain, a longtime U.S. ally, is very special!",i,look,very,much,forward,to,meeting,prime,minister,theresa,may,in,washington,in,the,spring,britain,a,longtime,us,ally,is,very,special,,,,,,
818134360712953000,8/01/2017 16:36,0.8875,"""""""@KellyannePolls: Welcome to President and Mrs. Bush.  https://t.co/I1K4nj1gVu"""" Very nice!""",@kellyannepolls,welcome,to,president,and,mrs,bush,http://...,very,nice,,,,,,,,,,,,,,,,,,,,
818134981344165000,8/01/2017 16:39,0.214285714,"""""""@FoxNews: """"We certainly don‚Äôt want intelligence interfering with politics and we don‚Äôt want politics interfe... https://t.co/bwDjEg1d7S""""""",@foxnews,we,certainly,dont,want,intelligence,interfering,with,politics,and,we,dont,want,politics,interfe,http://...,,,,,,,,,,,,,,
818136714396975000,8/01/2017 16:46,-0.65,Kellyanne Conway went to @MeetThePress this morning for an interview with @chucktodd. Dishonest media cut out 9 of her 10 minutes. Terrible!,kellyanne,conway,went,to,@meetthepress,this,morning,for,an,interview,with,@chucktodd,dishonest,media,cut,out,9,of,her,10,minutes,terrible,,,,,,,,
818169485169410000,8/01/2017 18:56,-0.128333333,"Before I, or anyone, saw the classified and/or highly confidential hacking intelligence report, it was leaked out to @NBCNews. So serious!",before,i,or,anyone,saw,the,classified,andor,highly,confidential,hacking,intelligence,report,it,was,leaked,out,to,@nbcnews,so,serious,,,,,,,,,
818307689323368000,9/01/2017 4:05,-0.046527778,Dishonest media says Mexico won't be paying for the wall if they pay a little later so the wall can be built more quickly. Media is fake!,dishonest,media,says,mexico,wont,be,paying,for,the,wall,if,they,pay,a,little,later,so,the,wall,can,be,built,more,quickly,media,is,fake,,,
818416446527172000,9/01/2017 11:17,0.81875,Rupert Murdoch is a great guy who likes me much better as a very successful candidate than he ever did as a very successful developer!,rupert,murdoch,is,a,great,guy,who,likes,me,much,better,as,a,very,successful,candidate,than,he,ever,did,as,a,very,successful,developer,,,,,
818419002548568000,9/01/2017 11:27,0.266666667,"Meryl Streep, one of the most over-rated actresses in Hollywood, doesn't know me but attacked last night at the Golden Globes. She is a.....",meryl,streep,one,of,the,most,over-rated,actresses,in,hollywood,doesnt,know,me,but,attacked,last,night,at,the,golden,globes,she,is,a,,,,,,
818421066859167000,9/01/2017 11:36,-0.066666667,"""Hillary flunky who lost big. For the 100th time, I never """"mocked"""" a disabled reporter (would never do that) but simply showed him.......""",hillary,flunky,who,lost,big,for,the,100th,time,i,never,mocked,a,disabled,reporter,would,never,do,that,but,simply,showed,him,,,,,,,
818422930157830000,9/01/2017 11:43,-0.1175,"""""""groveling"""" when he totally changed a 16 year old story that he had written in order to make me look bad. Just more very dishonest media!""",groveling,when,he,totally,changed,a,16,year,old,story,that,he,had,written,in,order,to,make,me,look,bad,just,more,very,dishonest,media,,,,
818460862675558000,9/01/2017 14:14,0,"It's finally happening - Fiat Chrysler just announced plans to invest $1BILLION in Michigan and Ohio plants, adding 2000 jobs. This after...",its,finally,happening,-,fiat,chrysler,just,announced,plans,to,invest,1billion,in,michigan,and,ohio,plants,adding,2000,jobs,this,after,,,,,,,,
818461467766824000,9/01/2017 14:16,0,"Ford said last week that it will expand in Michigan and U.S. instead of building a BILLION dollar plant in Mexico. Thank you Ford &amp, Fiat C!",ford,said,last,week,that,it,will,expand,in,michigan,and,us,instead,of,building,a,billion,dollar,plant,in,mexico,thank,you,ford,&,fiat,c,,,
818586286034485000,9/01/2017 22:32,0.1,An old picture with Nancy and Ronald Reagan. https://t.co/8kvQ1PzPAf,an,old,picture,with,nancy,and,ronald,reagan,http://...,,,,,,,,,,,,,,,,,,,,,
818643528905621000,10/01/2017 2:20,0,"Thank you to all of the men and women who protect &amp, serve our communities 24/7/365! #LawEnforcementAppreciationDay... https://t.co/aqUbDipSgv",thank,you,to,all,of,the,men,and,women,who,protect,&,serve,our,communities,247365,#lawenforcementappreciationday,http://...,,,,,,,,,,,,
818841421364989000,10/01/2017 15:26,0.5,'U.S. Small-Business Optimism Index Surges by Most Since 1980'https://t.co/X22x1BttdG,us,small-business,optimism,index,surges,by,most,since,1980,http://...,,,,,,,,,,,,,,,,,,,,
818922995980845000,10/01/2017 20:50,-0.25,'Small business optimism soars after Trump election' https://t.co/WjBaTp824U,small,business,optimism,soars,after,trump,election,http://...,,,,,,,,,,,,,,,,,,,,,,
818948254943604000,10/01/2017 22:30,-0.045,'Trump Helps Lift Small Business Confidence to 12-Yr. High'https://t.co/MhbABREhzt https://t.co/CWAvJ4fRdx,trump,helps,lift,small,business,confidence,to,12-yr,high,http://...,http://...,,,,,,,,,,,,,,,,,,,
818990655418617000,11/01/2017 1:19,-0.166666667,FAKE NEWS - A TOTAL POLITICAL WITCH HUNT!,fake,news,-,a,total,political,witch,hunt,,,,,,,,,,,,,,,,,,,,,,
819000924207251000,11/01/2017 2:00,0,'BuzzFeed Runs Unverifiable Trump-Russia Claims' #FakeNews https://t.co/d6daCFZHNh,buzzfeed,runs,unverifiable,trump-russia,claims,#fakenews,http://...,,,,,,,,,,,,,,,,,,,,,,,
819155311793700000,11/01/2017 12:13,-0.1425,"""Russia just said the unverified report paid for by political opponents is """"A COMPLETE AND TOTAL FABRICATION, UTTER NONSENSE."""" Very unfair!""",russia,just,said,the,unverified,report,paid,for,by,political,opponents,is,a,complete,and,total,fabrication,utter,nonsense,very,unfair,,,,,,,,,
819159806489591000,11/01/2017 12:31,0,"Russia has never tried to use leverage over me. I HAVE NOTHING TO DO WITH RUSSIA - NO DEALS, NO LOANS, NO NOTHING!",russia,has,never,tried,to,use,leverage,over,me,i,have,nothing,to,do,with,russia,-,no,deals,no,loans,no,nothing,,,,,,,
819162968592183000,11/01/2017 12:44,0.095,"""I win an election easily, a great """"movement"""" is verified, and crooked opponents try to belittle our victory with FAKE NEWS. A sorry state!""",i,win,an,election,easily,a,great,movement,is,verified,and,crooked,opponents,try,to,belittle,our,victory,with,fake,news,a,sorry,state,,,,,,
819164172781060000,11/01/2017 12:48,-0.166666667,"""Intelligence agencies should never have allowed this fake news to """"leak"""" into the public. One last shot at me.Are we living in Nazi Germany?""",intelligence,agencies,should,never,have,allowed,this,fake,news,to,leak,into,the,public,one,last,shot,at,meare,we,living,in,nazi,germany,,,,,,
819393877174087000,12/01/2017 4:01,0.15,We had a great News Conference at Trump Tower today. A couple of FAKE NEWS organizations were there but the people truly get what's going on,we,had,a,great,news,conference,at,trump,tower,today,a,couple,of,fake,news,organizations,were,there,but,the,people,truly,get,whats,going,on,,,,
819399723924803000,12/01/2017 4:24,0.625,"""""""@zhu_amy3: @realDonaldTrump It's Morning in America again!!!  ‚òÄÔ∏è‚òÄÔ∏è‚òÄÔ∏èThank you President-Elect Donald Trump!!! So proud of you!!!!"""" THANKS!""",@zhuamy3,@realdonaldtrump,its,morning,in,america,again,‚òÄÔ∏è‚òÄÔ∏è‚òÄÔ∏èthank,you,president-elect,donald,trump,so,proud,of,you,thanks,,,,,,,,,,,,,
819520238446411000,12/01/2017 12:23,-0.591666667,"James Clapper called me yesterday to denounce the false and fictitious report that was illegally circulated. Made up, phony facts.Too bad!",james,clapper,called,me,yesterday,to,denounce,the,FALSE,and,fictitious,report,that,was,illegally,circulated,made,up,phony,factstoo,bad,,,,,,,,,
819541997325316000,12/01/2017 13:50,0.65,Thank you to Linda Bean of L.L.Bean for your great support and courage. People will support you even more now. Buy L.L.Bean. @LBPerfectMaine,thank,you,to,linda,bean,of,llbean,for,your,great,support,and,courage,people,will,support,you,even,more,now,buy,llbean,@lbperfectmaine,,,,,,,
819550083742109000,12/01/2017 14:22,-0.3125,.@CNN is in a total meltdown with their FAKE NEWS because their ratings are tanking since election and their credibility will soon be gone!,@cnn,is,in,a,total,meltdown,with,their,fake,news,because,their,ratings,are,tanking,since,election,and,their,credibility,will,soon,be,gone,,,,,,
819600124133474000,12/01/2017 17:41,0.3125,Congrats to the Senate for taking the first step to #RepealObamacare- now it's onto the House!,congrats,to,the,senate,for,taking,the,first,step,to,#repealobamacare-,now,its,onto,the,house,,,,,,,,,,,,,,
819858926455967000,13/01/2017 10:49,0.75,"All of my Cabinet nominee are looking good and doing a great job. I want them to be themselves and express their own thoughts, not mine!",all,of,my,cabinet,nominee,are,looking,good,and,doing,a,great,job,i,want,them,to,be,themselves,and,express,their,own,thoughts,not,mine,,,,
819863039902097000,13/01/2017 11:05,-0.366666667,It now turns out that the phony allegations against me were put together by my political opponents and a failed spy afraid of being sued....,it,now,turns,out,that,the,phony,allegations,against,me,were,put,together,by,my,political,opponents,and,a,failed,spy,afraid,of,being,sued,,,,,
819864373988573000,13/01/2017 11:11,-0.208333333,"Totally made up facts by sleazebag political operatives, both Democrats and Republicans - FAKE NEWS! Russia says nothing exists. Probably...",totally,made,up,facts,by,sleazebag,political,operatives,both,democrats,and,republicans,-,fake,news,russia,says,nothing,exists,probably,,,,,,,,,,
819865802849587000,13/01/2017 11:16,0.4375,"""released by """"Intelligence"""" even knowing there is no proof, and never will be. My people will have a full report on hacking within 90 days!""",released,by,intelligence,even,knowing,there,is,no,proof,and,never,will,be,my,people,will,have,a,full,report,on,hacking,within,90,days,,,,,
819867246352801000,13/01/2017 11:22,0,What are Hillary Clinton's people complaining about with respect to the F.B.I. Based on the information they had she should never.....,what,are,hillary,clintons,people,complaining,about,with,respect,to,the,fbi,based,on,the,information,they,had,she,should,never,,,,,,,,,
819868066364461000,13/01/2017 11:25,-0.115,have been allowed to run - guilty as hell. They were VERY nice to her. She lost because she campaigned in the wrong states - no enthusiasm!,have,been,allowed,to,run,-,guilty,as,hell,they,were,very,nice,to,her,she,lost,because,she,campaigned,in,the,wrong,states,-,no,enthusiasm,,,
819869953692155000,13/01/2017 11:33,0,"""The """"Unaffordable"""" Care Act will soon be history!""",the,unaffordable,care,act,will,soon,be,history,,,,,,,,,,,,,,,,,,,,,,
819962894616064000,13/01/2017 17:42,0.2875,"A beautiful funeral today for a real NYC hero, Detective Steven McDonald. Our law enforcement community has my complete and total support.",a,beautiful,funeral,today,for,a,real,nyc,hero,detective,steven,mcdonald,our,law,enforcement,community,has,my,complete,and,total,support,,,,,,,,
820251730407473000,14/01/2017 12:50,-0.25,"Congressman John Lewis should spend more time on fixing and helping his district, which is in horrible shape and falling apart (not to......",congressman,john,lewis,should,spend,more,time,on,fixing,and,helping,his,district,which,is,in,horrible,shape,and,falling,apart,not,to,,,,,,,
820255947956383000,14/01/2017 13:07,-0.358333333,"mention crime infested) rather than falsely complaining about the election results. All talk, talk, talk - no action or results. Sad!",mention,crime,infested,rather,than,falsely,complaining,about,the,election,results,all,talk,talk,talk,-,no,action,or,results,sad,,,,,,,,,
820257714362314000,14/01/2017 13:14,0.125,"""INTELLIGENCE INSIDERS NOW CLAIM THE TRUMP DOSSIER IS """"A COMPLETE FRAUD!""""  @OANN""",intelligence,insiders,now,claim,the,trump,dossier,is,a,complete,fraud,@oann,,,,,,,,,,,,,,,,,,
820425770925338000,15/01/2017 0:22,0,Congressman John Lewis should finally focus on the burning and crime infested inner-cities of the U.S. I can use all the help I can get!,congressman,john,lewis,should,finally,focus,on,the,burning,and,crime,infested,inner-cities,of,the,us,i,can,use,all,the,help,i,can,get,,,,,
820450166331346000,15/01/2017 1:58,0.06875,"Inauguration Day is turning out to be even bigger than expected. January 20th, Washington D.C. Have fun!",inauguration,day,is,turning,out,to,be,even,bigger,than,expected,january,20th,washington,dc,have,fun,,,,,,,,,,,,,
820631495660408000,15/01/2017 13:59,0.125,"The Democrats are most angry that so many Obama Democrats voted for me. With all of the jobs I am bringing back to our Nation, that number..",the,democrats,are,most,angry,that,so,many,obama,democrats,voted,for,me,with,all,of,the,jobs,i,am,bringing,back,to,our,nation,that,number,,,
820632299037409000,15/01/2017 14:02,0.416666667,"will only get higher. Car companies and others, if they want to do business in our country, have to start making things here again. WIN!",will,only,get,higher,car,companies,and,others,if,they,want,to,do,business,in,our,country,have,to,start,making,things,here,again,win,,,,,
820707210565132000,15/01/2017 19:00,0.125,"For many years our country has been divided, angry and untrusting. Many say it will never change, the hatred is too deep. IT WILL CHANGE!!!!",for,many,years,our,country,has,been,divided,angry,and,untrusting,many,say,it,will,never,change,the,hatred,is,too,deep,it,will,change,,,,,
820723387995717000,15/01/2017 20:04,-0.107142857,"""Thank you to Bob Woodward who said, """"That is a garbage document...it never should have been presented...Trump's right to be upset (angry)...""",thank,you,to,bob,woodward,who,said,that,is,a,garbage,documentit,never,should,have,been,presentedtrumps,right,to,be,upset,angry,,,,,,,,
820725491812487000,15/01/2017 20:13,0,"""about that...Those Intelligence chiefs made a mistake here, &amp, when people make mistakes, they should APOLOGIZE."""" Media should also apologize""",about,thatthose,intelligence,chiefs,made,a,mistake,here,&,when,people,make,mistakes,they,should,apologize,media,should,also,apologize,,,,,,,,,,
820764134857969000,15/01/2017 22:46,-0.494805195,".@NBCNews is bad but Saturday Night Live is the worst of NBC. Not funny, cast is terrible, always a complete hit job. Really bad television!",@nbcnews,is,bad,but,saturday,night,live,is,the,worst,of,nbc,not,funny,cast,is,terrible,always,a,complete,hit,job,really,bad,television,,,,,
820786730257285000,16/01/2017 0:16,0.2,""".@FoxNews """"Outgoing CIA Chief, John Brennan, blasts Pres-Elect Trump on Russia threat. Does not fully understand."""" Oh really, couldn't do...""",@foxnews,outgoing,cia,chief,john,brennan,blasts,pres-elect,trump,on,russia,threat,does,not,fully,understand,oh,really,couldnt,do,,,,,,,,,,
820789938887294000,16/01/2017 0:29,-0.2675,"much worse - just look at Syria (red line), Crimea, Ukraine and the build-up of Russian nukes. Not good! Was this the leaker of Fake News?",much,worse,-,just,look,at,syria,red,line,crimea,ukraine,and,the,build-up,of,russian,nukes,not,good,was,this,the,leaker,of,fake,news,,,,
820992721120854000,16/01/2017 13:54,0.833333333,Celebrate Martin Luther King Day and all of the many wonderful things that he stood for. Honor him for being the great man that he was!,celebrate,martin,luther,king,day,and,all,of,the,many,wonderful,things,that,he,stood,for,honor,him,for,being,the,great,man,that,he,was,,,,
821170750983995000,17/01/2017 1:42,-0.4875,"""""""@levisteveholt: @realDonaldTrump I appreciate your use of Twitter to keep us informed and maintain transparency."""" Very dishonest media!""",@levisteveholt,@realdonaldtrump,i,appreciate,your,use,of,twitter,to,keep,us,informed,and,maintain,transparency,very,dishonest,media,,,,,,,,,,,,
821172595869577000,17/01/2017 1:49,0.678571429,"At 9:00 P.M. @CNN, of all places, is doing a Special Report on my daughter, Ivanka. Considering it is CNN, can't imagine it will be great!",at,900,pm,@cnn,of,all,places,is,doing,a,special,report,on,my,daughter,ivanka,considering,it,is,cnn,cant,imagine,it,will,be,great,,,,
821177307708661000,17/01/2017 2:08,0.5,"""""""@drgoodspine: @realDonaldTrump @Ivanka Trump is great, a woman with real character and class.""""""",@drgoodspine,@realdonaldtrump,@ivanka,trump,is,great,a,woman,with,real,character,and,class,,,,,,,,,,,,,,,,,
821342600322043000,17/01/2017 13:05,1,"People are pouring into Washington in record numbers. Bikers for Trump are on their way. It will be a great Thursday, Friday and Saturday!",people,are,pouring,into,washington,in,record,numbers,bikers,for,trump,are,on,their,way,it,will,be,a,great,thursday,friday,and,saturday,,,,,,
821344302651555000,17/01/2017 13:11,-0.25,"The same people who did the phony election polls, and were so wrong, are now doing approval rating polls. They are rigged just like before.",the,same,people,who,did,the,phony,election,polls,and,were,so,wrong,are,now,doing,approval,rating,polls,they,are,rigged,just,like,before,,,,,
821364027506966000,17/01/2017 14:30,0.045454545,"With all of the jobs I am bringing back into the U.S. (even before taking office), with all of the new auto plants coming back into our.....",with,all,of,the,jobs,i,am,bringing,back,into,the,us,even,before,taking,office,with,all,of,the,new,auto,plants,coming,back,into,our,,,
821365569366671000,17/01/2017 14:36,0.1,"""country and with the massive cost reductions I have negotiated on military purchases and more, I believe the people are seeing """"big stuff.""""""",country,and,with,the,massive,cost,reductions,i,have,negotiated,on,military,purchases,and,more,i,believe,the,people,are,seeing,big,stuff,,,,,,,
821368088935432000,17/01/2017 14:46,-0.1875,"""John Lewis said about my inauguration, """"It will be the first one that I've missed."""" WRONG (or lie)! He boycotted Bush 43 also because he...""",john,lewis,said,about,my,inauguration,it,will,be,the,first,one,that,ive,missed,wrong,or,lie,he,boycotted,bush,43,also,because,he,,,,,
821369651968012000,17/01/2017 14:52,0.40625,"""""""thought it would be hypocritical to attend Bush's swearing-in....he doesn't believe Bush is the true elected president."""" Sound familiar! WP""",thought,it,would,be,hypocritical,to,attend,bushs,swearing-inhe,doesnt,believe,bush,is,the,TRUE,elected,president,sound,familiar,wp,,,,,,,,,,
821410947864653000,17/01/2017 17:36,0,"""""""How Trump Won--And How The Media Missed It"""" https://t.co/Hfab41h65X""",how,trump,won--and,how,the,media,missed,it,http://...,,,,,,,,,,,,,,,,,,,,,
821415698278875000,17/01/2017 17:55,0.0125,Thank you to General Motors and Walmart for starting the big jobs push back into the U.S.!,thank,you,to,general,motors,and,walmart,for,starting,the,big,jobs,push,back,into,the,us,,,,,,,,,,,,,
821686928680583000,18/01/2017 11:53,0.5,Will be interviewed by @ainsleyearhardt on @foxandfriends - Enjoy!,will,be,interviewed,by,@ainsleyearhardt,on,@foxandfriends,-,enjoy,,,,,,,,,,,,,,,,,,,,,
821697182235496000,18/01/2017 12:34,0,"Totally biased @NBCNews went out of its way to say that the big announcement from Ford, G.M., Lockheed &amp, others that jobs are coming back...",totally,biased,@nbcnews,went,out,of,its,way,to,say,that,the,big,announcement,from,ford,gm,lockheed,&,others,that,jobs,are,coming,back,,,,,
821699672687448000,18/01/2017 12:44,0.14,"to the U.S., but had nothing to do with TRUMP, is more FAKE NEWS. Ask top CEO's of those companies for real facts. Came back because of me!",to,the,us,but,had,nothing,to,do,with,trump,is,more,fake,news,ask,top,ceos,of,those,companies,for,real,facts,came,back,because,of,me,,
821703902940827000,18/01/2017 13:00,0.5,"""""""Bayer AG has pledged to add U.S. jobs and investments after meeting with President-elect Donald Trump, the latest in a string..."""" @WSJ""",bayer,ag,has,pledged,to,add,us,jobs,and,investments,after,meeting,with,president-elect,donald,trump,the,latest,in,a,string,@wsj,,,,,,,,
821705440178348000,18/01/2017 13:06,-0.394791667,No wonder the Today Show on biased @NBC is doing so badly compared to its glorious past. Little credibility!,no,wonder,the,today,show,on,biased,@nbc,is,doing,so,badly,compared,to,its,glorious,past,little,credibility,,,,,,,,,,,
821719763214880000,18/01/2017 14:03,0.35,.@TheAlabamaBand was great last night in D.C. playing for 147 Diplomats and Ambassadors from countries around the world. Thanks Alabama!,@thealabamaband,was,great,last,night,in,dc,playing,for,147,diplomats,and,ambassadors,from,countries,around,the,world,thanks,alabama,,,,,,,,,,
821772494864580000,18/01/2017 17:33,0,"Writing my inaugural address at the Winter White House, Mar-a-Lago, three weeks ago. Looking forward to Friday.... https://t.co/J0ojOXjrga",writing,my,inaugural,address,at,the,winter,white,house,mar-a-lago,three,weeks,ago,looking,forward,to,friday,http://...,,,,,,,,,,,,
821844875268255000,18/01/2017 22:21,1,"Looking forward to a speedy recovery for George and Barbara Bush, both hospitalized. Thank you for your wonderful letter!",looking,forward,to,a,speedy,recovery,for,george,and,barbara,bush,both,hospitalized,thank,you,for,your,wonderful,letter,,,,,,,,,,,
821898525432811000,19/01/2017 1:54,1,Great seeing @TheLeeGreenwood  and Kimberly at this evenings VP dinner! #GodBlessTheUSA https://t.co/SxVmaWvOFT,great,seeing,@theleegreenwood,and,kimberly,at,this,evenings,vp,dinner,#godblesstheusa,http://...,,,,,,,,,,,,,,,,,,
821930600290521000,19/01/2017 4:01,0.6,Thank you to our amazing Wounded Warriors for their service. It was an honor to be with them tonight in D.C.... https://t.co/Qj5cpfaykD,thank,you,to,our,amazing,wounded,warriors,for,their,service,it,was,an,honor,to,be,with,them,tonight,in,dc,http://...,,,,,,,,
822064153426857000,19/01/2017 12:52,-0.0625,"""""""It wasn't Donald Trump that divided this country, this country has been divided for a long time!"""" Stated today by Reverend Franklin Graham.""",it,wasnt,donald,trump,that,divided,this,country,this,country,has,been,divided,for,a,long,time,stated,today,by,reverend,franklin,graham,,,,,,,
822066132307808000,19/01/2017 13:00,0.206944444,"Getting ready to leave for Washington, D.C. The journey begins and I will be working and fighting very hard to make it a great journey for..",getting,ready,to,leave,for,washington,dc,the,journey,begins,and,i,will,be,working,and,fighting,very,hard,to,make,it,a,great,journey,for,,,,
822066653953458000,19/01/2017 13:02,0.5,"the American people. I have no doubt that we will, together, MAKE AMERICA GREAT AGAIN!",the,american,people,i,have,no,doubt,that,we,will,together,make,america,great,again,,,,,,,,,,,,,,,
822175285151928000,19/01/2017 20:13,0,On my way! #Inauguration2017 https://t.co/hOuMbxGnpe,on,my,way,#inauguration2017,http://...,,,,,,,,,,,,,,,,,,,,,,,,,
822176438627536000,19/01/2017 20:18,0.65,Great Concert at 4:00 P.M. today at Lincoln Memorial. Enjoy!,great,concert,at,400,pm,today,at,lincoln,memorial,enjoy,,,,,,,,,,,,,,,,,,,,
822177206633955000,19/01/2017 20:21,0,Join me at 4pm over at the Lincoln Memorial with my family!#Inauguration2017 https://t.co/GQeQpJOgWz,join,me,at,4pm,over,at,the,lincoln,memorial,with,my,family,#inauguration2017,http://...,,,,,,,,,,,,,,,,
822242449053614000,20/01/2017 0:40,0.580357143,"Thank you for joining us at the Lincoln Memorial tonight- a very special evening! Together, we are going to MAKE AM... https://t.co/OSxa3BamHs",thank,you,for,joining,us,at,the,lincoln,memorial,tonight-,a,very,special,evening,together,we,are,going,to,make,am,http://...,,,,,,,,
822298747421986000,20/01/2017 4:24,1,"Thank you for a wonderful evening in Washington, D.C. #Inauguration https://t.co/a6xpFQTHj5",thank,you,for,a,wonderful,evening,in,washington,dc,#inauguration,http://...,,,,,,,,,,,,,,,,,,,
822421390125043000,20/01/2017 12:31,0,It all begins today! I will see you at 11:00 A.M. for the swearing-in. THE MOVEMENT CONTINUES - THE WORK BEGINS!,it,all,begins,today,i,will,see,you,at,1100,am,for,the,swearing-in,the,movement,continues,-,the,work,begins,,,,,,,,,
822501803615014000,20/01/2017 17:51,0.25,"Today we are not merely transferring power from one Administration to another, or from one party to another ‚Äì but we are transferring...",today,we,are,not,merely,transferring,power,from,one,administration,to,another,or,from,one,party,to,another,,but,we,are,transferring,,,,,,,
822501939267141000,20/01/2017 17:51,0,"power from Washington, D.C. and giving it back to you, the American People. #InaugurationDay",power,from,washington,dc,and,giving,it,back,to,you,the,american,people,#inaugurationday,,,,,,,,,,,,,,,,
822502135233384000,20/01/2017 17:52,0,"What truly matters is not which party controls our government, but whether our government is controlled by the people.",what,truly,matters,is,not,which,party,controls,our,government,but,whether,our,government,is,controlled,by,the,people,,,,,,,,,,,
822502270503972000,20/01/2017 17:53,0,"January 20th 2017, will be remembered as the day the people became the rulers of this nation again.",january,20th,2017,will,be,remembered,as,the,day,the,people,became,the,rulers,of,this,nation,again,,,,,,,,,,,,
822502450007515000,20/01/2017 17:54,0,"The forgotten men and women of our country will be forgotten no longer. From this moment on, it‚Äôs going to be #AmericaFirstüá∫üá∏",the,forgotten,men,and,women,of,our,country,will,be,forgotten,no,longer,from,this,moment,on,its,going,to,be,#americafirstüá∫üá∏,,,,,,,,
822502601304526000,20/01/2017 17:54,0,We will bring back our jobs. We will bring back our borders. We will bring back our wealth - and we will bring back our dreams!,we,will,bring,back,our,jobs,we,will,bring,back,our,borders,we,will,bring,back,our,wealth,-,and,we,will,bring,back,our,dreams,,,,
822502887477673000,20/01/2017 17:55,0,"We will follow two simple rules: BUY AMERICAN &amp, HIRE AMERICAN!#InaugurationDay #MAGAüá∫üá∏",we,will,follow,two,simple,rules,buy,american,&,hire,american,#inaugurationday,#magaüá∫üá∏,,,,,,,,,,,,,,,,,
822503558369181000,20/01/2017 17:58,0,It is time to remember that...https://t.co/ZKyOiOor62,it,is,time,to,remember,that,http://...,,,,,,,,,,,,,,,,,,,,,,,
822504142178500000,20/01/2017 18:00,0.041071429,"So to all Americans, in every city near and far, small and large, from mountain to mountain...https://t.co/cZKkrGXLSi",so,to,all,americans,in,every,city,near,and,far,small,and,large,from,mountain,to,mountain,http://...,,,,,,,,,,,,
822507434396753000,20/01/2017 18:13,0,TO ALL AMERICANSüá∫üá∏https://t.co/D7Es6ie4fY,to,all,americansüá∫üá∏,http://...,,,,,,,,,,,,,,,,,,,,,,,,,,
822669114237943000,21/01/2017 4:56,0.9,"THANK YOU for another wonderful evening in Washington, D.C. TOGETHER, we will MAKE AMERICA GREAT AGAINüá∫üá∏ https://t.co/V3aoj9RUh4",thank,you,for,another,wonderful,evening,in,washington,dc,together,we,will,make,america,great,againüá∫üá∏,http://...,,,,,,,,,,,,,
822774162011910000,21/01/2017 11:53,0.44375,A fantastic day and evening in Washington D.C.Thank you to @FoxNews and so many other news outlets for the GREAT reviews of the speech!,a,fantastic,day,and,evening,in,washington,dcthank,you,to,@foxnews,and,so,many,other,news,outlets,for,the,great,reviews,of,the,speech,,,,,,
823146987117772000,22/01/2017 12:35,0.63,"Had a great meeting at CIA Headquarters yesterday, packed house, paid great respect to Wall, long standing ovations, amazing people. WIN!",had,a,great,meeting,at,cia,headquarters,yesterday,packed,house,paid,great,respect,to,wall,long,standing,ovations,amazing,people,win,,,,,,,,,
823150055418920000,22/01/2017 12:47,-0.7,Watched protests yesterday but was under the impression that we just had an election! Why didn't these people vote? Celebs hurt cause badly.,watched,protests,yesterday,but,was,under,the,impression,that,we,just,had,an,election,why,didnt,these,people,vote,celebs,hurt,cause,badly,,,,,,,
823151124815507000,22/01/2017 12:51,0.533333333,"Wow, television ratings just out: 31 million people watched the Inauguration, 11 million more than the very good ratings from 4 years ago!",wow,television,ratings,just,out,31,million,people,watched,the,inauguration,11,million,more,than,the,very,good,ratings,from,4,years,ago,,,,,,,
823174199036542000,22/01/2017 14:23,0.25,"Peaceful protests are a hallmark of our democracy. Even if I don't always agree, I recognize the rights of people to express their views.",peaceful,protests,are,a,hallmark,of,our,democracy,even,if,i,dont,always,agree,i,recognize,the,rights,of,people,to,express,their,views,,,,,,
823495059010109000,23/01/2017 11:38,0.133333333,Busy week planned with a heavy focus on jobs and national security. Top executives coming in at 9:00 A.M. to talk manufacturing in America.,busy,week,planned,with,a,heavy,focus,on,jobs,and,national,security,top,executives,coming,in,at,900,am,to,talk,manufacturing,in,america,,,,,,
823850781946343000,24/01/2017 11:11,0.335227273,Will be meeting at 9:00 with top automobile executives concerning jobs in America. I want new plants to be built here for cars sold here!,will,be,meeting,at,900,with,top,automobile,executives,concerning,jobs,in,america,i,want,new,plants,to,be,built,here,for,cars,sold,here,,,,,
823937936056008000,24/01/2017 16:58,0,A photo delivered yesterday that will be displayed in the upper/lower press hall. Thank you Abbas! https://t.co/Uzp0ivvRp0,a,photo,delivered,yesterday,that,will,be,displayed,in,the,upperlower,press,hall,thank,you,abbas,http://...,,,,,,,,,,,,,
823939422743830000,24/01/2017 17:04,1,"Great meeting with automobile industry leaders at the @WhiteHouse this morning. Together, we will #MAGA! https://t.co/OXdiLOkGsZ",great,meeting,with,automobile,industry,leaders,at,the,@whitehouse,this,morning,together,we,will,#maga,http://...,,,,,,,,,,,,,,
823950814163140000,24/01/2017 17:49,0,Signing orders to move forward with the construction of the Keystone XL and Dakota Access pipelines in the Oval Off... https://t.co/aOxmfO0vOK,signing,orders,to,move,forward,with,the,construction,of,the,keystone,xl,and,dakota,access,pipelines,in,the,oval,off,http://...,,,,,,,,,
824055927200423000,25/01/2017 0:46,0.425,Great meeting with Ford CEO Mark Fields and General Motors CEO Mary Barra at the @WhiteHouse today. https://t.co/T0eIgO6LP8,great,meeting,with,ford,ceo,mark,fields,and,general,motors,ceo,mary,barra,at,the,@whitehouse,today,http://...,,,,,,,,,,,,
824078417213747000,25/01/2017 2:16,0.103571429,Congratulations to @FoxNews for being number one in inauguration ratings. They were many times higher than FAKE NEWS @CNN - public is smart!,congratulations,to,@foxnews,for,being,number,one,in,inauguration,ratings,they,were,many,times,higher,than,fake,news,@cnn,-,public,is,smart,,,,,,,
824080766288228000,25/01/2017 2:25,-1,"""If Chicago doesn't fix the horrible """"carnage"""" going on, 228 shootings in 2017 with 42 killings (up 24% from 2016), I will send in the Feds!""",if,chicago,doesnt,fix,the,horrible,carnage,going,on,228,shootings,in,2017,with,42,killings,up,24,from,2016,i,will,send,in,the,feds,,,,
824083821889015000,25/01/2017 2:37,0.114583333,"Big day planned on NATIONAL SECURITY tomorrow. Among many other things, we will build the wall!",big,day,planned,on,national,security,tomorrow,among,many,other,things,we,will,build,the,wall,,,,,,,,,,,,,,
824227824903090000,25/01/2017 12:10,-0.21875,"I will be asking for a major investigation into VOTER FRAUD, including those registered to vote in two states, those who are illegal and....",i,will,be,asking,for,a,major,investigation,into,voter,fraud,including,those,registered,to,vote,in,two,states,those,who,are,illegal,and,,,,,,
824228768227217000,25/01/2017 12:13,0.079166667,"even, those registered to vote who are dead (and many for a long time). Depending on results, we will strengthen up voting procedures!",even,those,registered,to,vote,who,are,dead,and,many,for,a,long,time,depending,on,results,we,will,strengthen,up,voting,procedures,,,,,,,
824229586091307000,25/01/2017 12:17,0,I will be making my Supreme Court pick on Thursday of next week.Thank you!,i,will,be,making,my,supreme,court,pick,on,thursday,of,next,weekthank,you,,,,,,,,,,,,,,,,
824377804590563000,25/01/2017 22:05,0.125,I will be interviewed by @DavidMuir tonight at 10 o'clock on @ABC. Will be my first interview from the White House.... https://t.co/4zuOrRdcoc,i,will,be,interviewed,by,@davidmuir,tonight,at,10,oclock,on,@abc,will,be,my,first,interview,from,the,white,house,http://...,,,,,,,,
824407390674157000,26/01/2017 0:03,0.175,"Beginning today, the United States of America gets back control of its borders. Full speech from today @DHSgov:... https://t.co/8aDaHsAhg9",beginning,today,the,united,states,of,america,gets,back,control,of,its,borders,full,speech,from,today,@dhsgov,http://...,,,,,,,,,,,
824440456813707000,26/01/2017 2:14,-0.0625,"As your President, I have no higher duty than to protect the lives of the American people. https://t.co/o7YNUNwb8f",as,your,president,i,have,no,higher,duty,than,to,protect,the,lives,of,the,american,people,http://...,,,,,,,,,,,,
824448156935081000,26/01/2017 2:45,0.25,"""""""@romoabcnews: .@DavidMuir first @POTUS interview since taking office.  Tonight on @ABCWorldNews @ABC2020 tonight. https://t.co/I4Vz1mRdBK""""""",@romoabcnews,@davidmuir,first,@potus,interview,since,taking,office,tonight,on,@abcworldnews,@abc2020,tonight,http://...,,,,,,,,,,,,,,,,
824448880993509000,26/01/2017 2:48,0.5,Interview with David Muir of @ABC News in 10 minutes. Enjoy!,interview,with,david,muir,of,@abc,news,in,10,minutes,enjoy,,,,,,,,,,,,,,,,,,,
824573698774601000,26/01/2017 11:04,-0.6875,"Ungrateful TRAITOR Chelsea Manning, who should never have been released from prison, is now calling President Obama a weak leader. Terrible!",ungrateful,traitor,chelsea,manning,who,should,never,have,been,released,from,prison,is,now,calling,president,obama,a,weak,leader,terrible,,,,,,,,,
824615820391305000,26/01/2017 13:51,0,The U.S. has a 60 billion dollar trade deficit with Mexico. It has been a one-sided deal from the beginning of NAFTA with massive numbers...,the,us,has,a,60,billion,dollar,trade,deficit,with,mexico,it,has,been,a,one-sided,deal,from,the,beginning,of,nafta,with,massive,numbers,,,,,
824616644370714000,26/01/2017 13:55,-0.1,"of jobs and companies lost. If Mexico is unwilling to pay for the badly needed wall, then it would be better to cancel the upcoming meeting.",of,jobs,and,companies,lost,if,mexico,is,unwilling,to,pay,for,the,badly,needed,wall,then,it,would,be,better,to,cancel,the,upcoming,meeting,,,,
824697349335293000,26/01/2017 7:15,0,"Spoke at the Congressional @GOP Retreat in Philadelphia, PA. this afternoon w/ @VP, @SenMajLeader, @SpeakerRyan. Th... https://t.co/s4sTbSyBSR",spoke,at,the,congressional,@gop,retreat,in,philadelphia,pa,this,afternoon,w,@vp,@senmajleader,@speakerryan,th,http://...,,,,,,,,,,,,,
824698743630995000,26/01/2017 19:21,0,"Spoke at the Congressional @GOP Retreat in Philadelphia, PA. this afternoon w/ @VP, @SenateMajLdr, @SpeakerRyan. Th... https://t.co/ALSADGrwoe",spoke,at,the,congressional,@gop,retreat,in,philadelphia,pa,this,afternoon,w,@vp,@senatemajldr,@speakerryan,th,http://...,,,,,,,,,,,,,
824765229527605000,26/01/2017 23:45,0.5,Will be interviewed by @SeanHannity on @FoxNews at 10:00pm tonight. Enjoy!,will,be,interviewed,by,@seanhannity,on,@foxnews,at,1000pm,tonight,enjoy,,,,,,,,,,,,,,,,,,,
824767281146245000,26/01/2017 23:53,0.413690476,Miami-Dade Mayor drops sanctuary policy. Right decision. Strong! https://t.co/MtPvaDC4jM,miami-dade,mayor,drops,sanctuary,policy,right,decision,strong,http://...,,,,,,,,,,,,,,,,,,,,,
824968416486387000,27/01/2017 13:12,-0.04375,"Look forward to seeing final results of VoteStand. Gregg Phillips and crew say at least 3,000,000 votes were illegal. We must do better!",look,forward,to,seeing,final,results,of,votestand,gregg,phillips,and,crew,say,at,least,3000000,votes,were,illegal,we,must,do,better,,,,,,,
824970003153842000,27/01/2017 13:19,-0.169375,"Mexico has taken advantage of the U.S. for long enough. Massive trade deficits &amp, little help on the very weak border must change, NOW!",mexico,has,taken,advantage,of,the,us,for,long,enough,massive,trade,deficits,&,little,help,on,the,very,weak,border,must,change,now,,,,,,
825017279209410000,27/01/2017 16:27,0.41875,The #MarchForLife is so important. To all of you marching --- you have my full support!,the,#marchforlife,is,so,important,to,all,of,you,marching,---,you,have,my,full,support,,,,,,,,,,,,,,
825018149397463000,27/01/2017 16:30,0.4375,.@VP Mike Pence will be speaking at today's #MarchForLife -- You have our full support! https://t.co/1jb53SEGV4,@vp,mike,pence,will,be,speaking,at,todays,#marchforlife,--,you,have,our,full,support,http://...,,,,,,,,,,,,,,
825075972659613000,27/01/2017 20:20,0,Statement on International Holocaust Remembrance Day: https://t.co/KjU0MOxCHk,statement,on,international,holocaust,remembrance,day,http://...,,,,,,,,,,,,,,,,,,,,,,,
825101272982355000,27/01/2017 22:00,0,Congratulations Secretary Mattis! https://t.co/mkuhbegzqS,congratulations,secretary,mattis,http://...,,,,,,,,,,,,,,,,,,,,,,,,,,
825127844066054000,27/01/2017 23:46,0,I promise that our administration will ALWAYS have your back. We will ALWAYS be with you! https://t.co/D0aOWhOH4X,i,promise,that,our,administration,will,always,have,your,back,we,will,always,be,with,you,http://...,,,,,,,,,,,,,
825328817833123000,28/01/2017 13:04,-0.21875,"The failing @nytimes has been wrong about me from the very beginning. Said I would lose the primaries, then the general election. FAKE NEWS!",the,failing,@nytimes,has,been,wrong,about,me,from,the,very,beginning,said,i,would,lose,the,primaries,then,the,general,election,fake,news,,,,,,
825329757646618000,28/01/2017 13:08,-0.3,Thr coverage about me in the @nytimes and the @washingtonpost gas been so false and angry that the times actually apologized to its.....,thr,coverage,about,me,in,the,@nytimes,and,the,@washingtonpost,gas,been,so,FALSE,and,angry,that,the,times,actually,apologized,to,its,,,,,,,
825331665509691000,28/01/2017 13:16,-0.171428571,"...dwindling subscribers and readers.They got me wrong right from the beginning and still have not changed course, and never will. DISHONEST",dwindling,subscribers,and,readersthey,got,me,wrong,right,from,the,beginning,and,still,have,not,changed,course,and,never,will,dishonest,,,,,,,,,
825368580325773000,28/01/2017 15:42,0,"Today, we remember the crew of the Space Shuttle Challenger, 31 years later. #NeverForget https://t.co/OhshQsFRfl",today,we,remember,the,crew,of,the,space,shuttle,challenger,31,years,later,#neverforget,http://...,,,,,,,,,,,,,,,
825476070946328000,28/01/2017 10:50,0.5,I will be interviewed by @TheBrodyFile on @CBNNews tonight at 11pm. Enjoy!,i,will,be,interviewed,by,@thebrodyfile,on,@cbnnews,tonight,at,11pm,enjoy,,,,,,,,,,,,,,,,,,
825690087857995000,29/01/2017 13:00,-0.625,Somebody with aptitude and conviction should buy the FAKE NEWS and failing @nytimes and either run it correctly or let it fold with dignity!,somebody,with,aptitude,and,conviction,should,buy,the,fake,news,and,failing,@nytimes,and,either,run,it,correctly,or,let,it,fold,with,dignity,,,,,,
825692045532618000,29/01/2017 13:08,-0.227604167,"Our country needs strong borders and extreme vetting, NOW. Look what is happening all over Europe and, indeed, the world - a horrible mess!",our,country,needs,strong,borders,and,extreme,vetting,now,look,what,is,happening,all,over,europe,and,indeed,the,world,-,a,horrible,mess,,,,,,
825721153142521000,29/01/2017 15:03,0.267857143,Christians in the Middle-East have been executed in large numbers. We cannot allow this horror to continue!,christians,in,the,middle-east,have,been,executed,in,large,numbers,we,cannot,allow,this,horror,to,continue,,,,,,,,,,,,,
825822320128303000,29/01/2017 21:45,-0.291666667,"The joint statement of former presidential candidates John McCain &amp, Lindsey Graham is wrong - they are sadly weak on immigration. The two...",the,joint,statement,of,former,presidential,candidates,john,mccain,&,lindsey,graham,is,wrong,-,they,are,sadly,weak,on,immigration,the,two,,,,,,,
825823217025691000,29/01/2017 21:49,-0.5,"...Senators should focus their energies on ISIS, illegal immigration and border security instead of always looking to start World War III.",senators,should,focus,their,energies,on,isis,illegal,immigration,and,border,security,instead,of,always,looking,to,start,world,war,iii,,,,,,,,,
825848204633731000,29/01/2017 23:28,-0.0625,Statement Regarding Recent Executive Order Concerning Extreme Vetting: https://t.co/f6JO60I0Ul,statement,regarding,recent,executive,order,concerning,extreme,vetting,http://...,,,,,,,,,,,,,,,,,,,,,
825850987348914000,29/01/2017 23:39,0.5,I will be interviewed by @TheBrodyFile on @CBNNews tonight at 11pm. Enjoy!,i,will,be,interviewed,by,@thebrodyfile,on,@cbnnews,tonight,at,11pm,enjoy,,,,,,,,,,,,,,,,,,
826041397232943000,30/01/2017 12:16,0,"Only 109 people out of 325,000 were detained and held for questioning. Big problems at airports were caused by Delta computer outage,.....",only,109,people,out,of,325000,were,detained,and,held,for,questioning,big,problems,at,airports,were,caused,by,delta,computer,outage,,,,,,,,
826042483155013000,30/01/2017 12:20,0.1825,protesters and the tears of Senator Schumer. Secretary Kelly said that all is going well with very few problems. MAKE AMERICA SAFE AGAIN!,protesters,and,the,tears,of,senator,schumer,secretary,kelly,said,that,all,is,going,well,with,very,few,problems,make,america,safe,again,,,,,,,
826044059647107000,30/01/2017 12:27,0.3,There is nothing nice about searching for terrorists before they can enter our country. This was a big part of my campaign. Study the world!,there,is,nothing,nice,about,searching,for,terrorists,before,they,can,enter,our,country,this,was,a,big,part,of,my,campaign,study,the,world,,,,,
826060143825666000,30/01/2017 13:31,-0.7875,"""If the ban were announced with a one week notice, the """"bad"""" would rush into our country during that week. A lot of bad """"dudes"""" out there!""",if,the,ban,were,announced,with,a,one,week,notice,the,bad,would,rush,into,our,country,during,that,week,a,lot,of,bad,dudes,out,there,,,
826063267760046000,30/01/2017 13:43,0.136363636,I have made my decision on who I will nominate for The United States Supreme Court. It will be announced live on Tuesday at 8:00 P.M. (W.H.),i,have,made,my,decision,on,who,i,will,nominate,for,the,united,states,supreme,court,it,will,be,announced,live,on,tuesday,at,800,pm,wh,,,
826073437735100000,30/01/2017 14:23,0,Where was all the outrage from Democrats and the opposition party (the media) when our jobs were fleeing our country?,where,was,all,the,outrage,from,democrats,and,the,opposition,party,the,media,when,our,jobs,were,fleeing,our,country,,,,,,,,,,
826175120238604000,30/01/2017 21:07,0.0625,"The American dream is back. We‚Äôre going to create an environment for small business like we haven‚Äôt had in many, ma... https://t.co/Bh7SrNEgz1",the,american,dream,is,back,were,going,to,create,an,environment,for,small,business,like,we,havent,had,in,many,ma,http://...,,,,,,,,
826229971584708000,31/01/2017 0:45,0,The Democrats are delaying my cabinet picks for purely political reasons. They have nothing going but to obstruct. Now have an Obama A.G.,the,democrats,are,delaying,my,cabinet,picks,for,purely,political,reasons,they,have,nothing,going,but,to,obstruct,now,have,an,obama,ag,,,,,,,
826390034693623000,31/01/2017 11:21,-0.625,Nancy Pelosi and Fake Tears Chuck Schumer held a rally  at the steps of The Supreme Court and mic did not work (a mess)-just like Dem party!,nancy,pelosi,and,fake,tears,chuck,schumer,held,a,rally,at,the,steps,of,the,supreme,court,and,mic,did,not,work,a,mess-just,like,dem,party,,,
826391334248407000,31/01/2017 11:27,0.09765625,When will the Democrats give us our Attorney General and rest of Cabinet! They should be ashamed of themselves! No wonder D.C. doesn't work!,when,will,the,democrats,give,us,our,attorney,general,and,rest,of,cabinet,they,should,be,ashamed,of,themselves,no,wonder,dc,doesnt,work,,,,,,
