id,datetime,sentiment,text,tokens...,,,,,,,,,,,,,,,,,,,,,,,,,,,,
881131368520056000,1/07/2017 12:44,0.578787879,Happy Canada Day to all of the great people of Canada and to your Prime Minister and my new found friend @JustinTrudeau. #Canada150,happy,canada,day,to,all,of,the,great,people,of,canada,and,to,your,prime,minister,and,my,new,found,friend,@justintrudeau,#canada150,,,,,,
881135264441257000,1/07/2017 12:59,-1,"Word is that @Greta Van Susteren was let go by her out of control bosses at @NBC &amp, @Comcast because she refused to go along w/ 'Trump hate!'",word,is,that,@greta,van,susteren,was,let,go,by,her,out,of,control,bosses,at,@nbc,&,@comcast,because,she,refused,to,go,along,w,trump,hate,
881137079958241000,1/07/2017 13:07,0.1,Numerous states are refusing to give information to the very distinguished VOTER FRAUD PANEL. What are they trying to hide?,numerous,states,are,refusing,to,give,information,to,the,very,distinguished,voter,fraud,panel,what,are,they,trying,to,hide,,,,,,,,,
881138485905772000,1/07/2017 13:12,0.25,I am extremely pleased to see that @CNN has finally been exposed as #FakeNews and garbage journalism. It's about time!,i,am,extremely,pleased,to,see,that,@cnn,has,finally,been,exposed,as,#fakenews,and,garbage,journalism,its,about,time,,,,,,,,,
881140479454310000,1/07/2017 13:20,-0.3,"Crazy Joe Scarborough and dumb as a rock Mika are not bad people, but their low rated show is dominated by their NBC bosses. Too bad!",crazy,joe,scarborough,and,dumb,as,a,rock,mika,are,not,bad,people,but,their,low,rated,show,is,dominated,by,their,nbc,bosses,too,bad,,,
881256428626956000,1/07/2017 21:01,0,Weekly Addressüá∫üá∏ #KatesLaw#NoSanctuaryForCriminalsActStatement: https://t.co/I8cqKGDK2B https://t.co/00mao6Vk7R,weekly,addressüá∫üá∏,#kateslaw,#nosanctuaryforcriminalsactstatement,http://...,http://...,,,,,,,,,,,,,,,,,,,,,,,
881265792700035000,1/07/2017 21:38,0.65,Getting rdy to leave for tonight's Celebrate Freedom Concert honoring our GREAT VETERANS w/ so many of my evangelic... https://t.co/shfTAoMJry,getting,rdy,to,leave,for,tonights,celebrate,freedom,concert,honoring,our,great,veterans,w,so,many,of,my,evangelic,http://...,,,,,,,,,
881271748280365000,1/07/2017 22:02,-0.252777778,"The FAKE &amp, FRAUDULENT NEWS MEDIA is working hard to convince Republicans and others I should not use social media - but remember, I won....",the,fake,&,fraudulent,news,media,is,working,hard,to,convince,republicans,and,others,i,should,not,use,social,media,-,but,remember,i,won,,,,
881271809433374000,1/07/2017 22:02,0.516666667,"....the 2016 election with interviews, speeches and social media. I had to beat #FakeNews, and did. We will continue to WIN!",the,2016,election,with,interviews,speeches,and,social,media,i,had,to,beat,#fakenews,and,did,we,will,continue,to,win,,,,,,,,
881273362454118000,1/07/2017 22:08,0,I am thinking about changing the name #FakeNews CNN to #FraudNewsCNN!,i,am,thinking,about,changing,the,name,#fakenews,cnn,to,#fraudnewscnn,,,,,,,,,,,,,,,,,,
881281755017355000,1/07/2017 22:41,0.411111111,My use of social media is not Presidential - it‚Äôs MODERN DAY PRESIDENTIAL. Make America Great Again!,my,use,of,social,media,is,not,presidential,-,its,modern,day,presidential,make,america,great,again,,,,,,,,,,,,
881373634585079000,2/07/2017 4:47,0.65,"We will always take care of our GREAT VETERANS. You have shed your blood, poured your love, and bared your soul, in... https://t.co/bTPuerxLOr",we,will,always,take,care,of,our,great,veterans,you,have,shed,your,blood,poured,your,love,and,bared,your,soul,in,http://...,,,,,,
881503147168071000,2/07/2017 13:21,0,#FraudNewsCNN #FNN https://t.co/WYUnHjjUjg,#fraudnewscnn,#fnn,http://...,,,,,,,,,,,,,,,,,,,,,,,,,,
881604490041995000,2/07/2017 20:04,0.166666667,The dishonest media will NEVER keep us from accomplishing our objectives on behalf of our GREAT AMERICAN PEOPLE!... https://t.co/EwnwCeuGMv,the,dishonest,media,will,never,keep,us,from,accomplishing,our,objectives,on,behalf,of,our,great,american,people,http://...,,,,,,,,,,
881662619282702000,2/07/2017 23:55,-0.42,"Stock Market at all time high, unemployment at lowest level in years (wages will start going up) and our base has never been stronger!",stock,market,at,all,time,high,unemployment,at,lowest,level,in,years,wages,will,start,going,up,and,our,base,has,never,been,stronger,,,,,
881697281233354000,3/07/2017 2:13,0.029166667,"America's men &amp, women in uniform is the story of FREEDOM overcoming OPPRESSION, the STRONG protecting the WEAK, &amp, G... https://t.co/LtTpGsP3fC",americas,men,&,women,in,uniform,is,the,story,of,freedom,overcoming,oppression,the,strong,protecting,the,weak,&,g,http://...,,,,,,,,
881830110114009000,3/07/2017 11:00,0,Will be speaking with Germany and France this morning.,will,be,speaking,with,germany,and,france,this,morning,,,,,,,,,,,,,,,,,,,,
881834692282109000,3/07/2017 11:19,0.625,Spoke yesterday with the King of Saudi Arabia about peace in the Middle-East. Interesting things are happening!,spoke,yesterday,with,the,king,of,saudi,arabia,about,peace,in,the,middle-east,interesting,things,are,happening,,,,,,,,,,,,
881839523126272000,3/07/2017 11:38,0,Will be speaking with Italy this morning!,will,be,speaking,with,italy,this,morning,,,,,,,,,,,,,,,,,,,,,,
881847676232503000,3/07/2017 12:10,0.163888889,"At some point the Fake News will be forced to discuss our great jobs numbers, strong economy, success with ISIS, the border &amp, so much else!",at,some,point,the,fake,news,will,be,forced,to,discuss,our,great,jobs,numbers,strong,economy,success,with,isis,the,border,&,so,much,else,,,
881875263700783000,3/07/2017 14:00,0.25625,"If we can help little #CharlieGard, as per our friends in the U.K. and the Pope, we would be delighted to do so.",if,we,can,help,little,#charliegard,as,per,our,friends,in,the,uk,and,the,pope,we,would,be,delighted,to,do,so,,,,,,
881976958556549000,3/07/2017 20:44,0.6,Thank you to Shawn Steel for the nice words on @FoxNews.,thank,you,to,shawn,steel,for,the,nice,words,on,@foxnews,,,,,,,,,,,,,,,,,,
881979394373406000,3/07/2017 20:54,0.5,"Really great numbers on jobs &amp, the economy! Things are starting to kick in now, and we have just begun! Don't like steel &amp, aluminum dumping!",really,great,numbers,on,jobs,&,the,economy,things,are,starting,to,kick,in,now,and,we,have,just,begun,dont,like,steel,&,aluminum,dumping,,,
881983493533822000,3/07/2017 21:10,-0.054545455,Dow hit a new intraday all-time high! I wonder whether or not the Fake News Media will so report?,dow,hit,a,new,intraday,all-time,high,i,wonder,whether,or,not,the,fake,news,media,will,so,report,,,,,,,,,,
882061157900718000,4/07/2017 2:19,0.104166667,North Korea has just launched another missile. Does this guy have anything better to do with his life? Hard to believe that South Korea.....,north,korea,has,just,launched,another,missile,does,this,guy,have,anything,better,to,do,with,his,life,hard,to,believe,that,south,korea,,,,,
882062572081512000,4/07/2017 2:24,-0.025,....and Japan will put up with this much longer. Perhaps China will put a heavy move on North Korea and end this nonsense once and for all!,and,japan,will,put,up,with,this,much,longer,perhaps,china,will,put,a,heavy,move,on,north,korea,and,end,this,nonsense,once,and,for,all,,
882186896285282000,4/07/2017 10:38,0,#HappyIndependenceDay #July4 #USAüá∫üá∏ https://t.co/NsFslPEFrp,#happyindependenceday,#july4,#usaüá∫üá∏,http://...,,,,,,,,,,,,,,,,,,,,,,,,,
882325456162361000,4/07/2017 19:49,0.3,Getting ready to celebrate the 4th of July with a big crowd at the White House. Happy 4th to everyone. Our country will grow and prosper!,getting,ready,to,celebrate,the,4th,of,july,with,a,big,crowd,at,the,white,house,happy,4th,to,everyone,our,country,will,grow,and,prosper,,,
882327018070790000,4/07/2017 19:55,0,Gas prices are the lowest in the U.S. in over ten years! I would like to see them go even lower.,gas,prices,are,the,lowest,in,the,us,in,over,ten,years,i,would,like,to,see,them,go,even,lower,,,,,,,,
882423634639425000,5/07/2017 2:19,0,#HappyIndependenceDay #USAüá∫üá∏ https://t.co/9pfqnRsh1Z,#happyindependenceday,#usaüá∫üá∏,http://...,,,,,,,,,,,,,,,,,,,,,,,,,,
882552631905988000,5/07/2017 10:51,0.1,"Getting ready to leave for Poland, after which I will travel to Germany for the G-20. Will be back on Saturday.",getting,ready,to,leave,for,poland,after,which,i,will,travel,to,germany,for,the,g-20,will,be,back,on,saturday,,,,,,,,
882558219285131000,5/07/2017 11:14,-1,The United States made some of the worst Trade Deals in world history.Why should we continue these deals with countries that do not help us?,the,united,states,made,some,of,the,worst,trade,deals,in,world,historywhy,should,we,continue,these,deals,with,countries,that,do,not,help,us,,,,
882560030884716000,5/07/2017 11:21,0.25,Trade between China and North Korea grew almost 40% in the first quarter. So much for China working with us - but we had to give it a try!,trade,between,china,and,north,korea,grew,almost,40,in,the,first,quarter,so,much,for,china,working,with,us,-,but,we,had,to,give,it,a,try
882741809931309000,5/07/2017 23:23,0,Congratulations to the dedicated professionals of the USSS as they celebrate their 152nd anniversary. Thank you! ‚û°Ô∏èhttps://t.co/mDhFzDm3ED https://t.co/BcB3wLjILg,congratulations,to,the,dedicated,professionals,of,the,usss,as,they,celebrate,their,152nd,anniversary,thank,you,‚û°Ô∏è,http://...,http://...,,,,,,,,,,
882962893288882000,6/07/2017 14:02,0,"On behalf of @FLOTUS Melania and myself, thank you Poland!üá∫üá∏üáµüá±#ICYMI, watch here‚û°Ô∏è https://t.co/COpVXnn8YG #POTUSinPoland https://t.co/ylU3wLZV2H",on,behalf,of,@flotus,melania,and,myself,thank,you,polandüá∫üá∏üáµüá±,#icymi,watch,here‚û°Ô∏è,http://...,#potusinpoland,http://...,,,,,,,,,,,,,
882993144194838000,6/07/2017 16:02,0.8,America is proud to stand shoulder-to-shoulder with Poland in the fight to eradicate the evils of terrorism and extremism. #POTUSinPoland https://t.co/MHxRmVvtsh,america,is,proud,to,stand,shoulder-to-shoulder,with,poland,in,the,fight,to,eradicate,the,evils,of,terrorism,and,extremism,#potusinpoland,http://...,,,,,,,,
883012994145280000,6/07/2017 17:21,-0.5,THE WEST WILL NEVER BE BROKEN. Our values will PREVAIL. Our people will THRIVE and our civilization will TRIUMPH! https://t.co/sozuVgdp5T,the,west,will,never,be,broken,our,values,will,prevail,our,people,will,thrive,and,our,civilization,will,triumph,http://...,,,,,,,,,
883064346519187000,6/07/2017 20:45,0.433333333,"A strong Poland is a blessing to the nations of Europe, and a strong Europe is a blessing to the West, and to the world. https://t.co/vHzPwMtJSm",a,strong,poland,is,a,blessing,to,the,nations,of,europe,and,a,strong,europe,is,a,blessing,to,the,west,and,to,the,world,http://...,,,
883218784663818000,7/07/2017 6:59,0.9,"My experience yesterday in Poland was a great one. Thank you to everyone, including the haters, for the great reviews of the speech!",my,experience,yesterday,in,poland,was,a,great,one,thank,you,to,everyone,including,the,haters,for,the,great,reviews,of,the,speech,,,,,,
883220875444715000,7/07/2017 7:07,0.8,"After Poland had a great meeting with Chancellor Merkel and then with PM Shinz≈ç Abe of Japan &amp, President Moon of South Korea.",after,poland,had,a,great,meeting,with,chancellor,merkel,and,then,with,pm,shinz≈ç,abe,of,japan,&,president,moon,of,south,korea,,,,,,
883229270943911000,7/07/2017 7:40,0,Everyone here is talking about why John Podesta refused to give the DNC server to the FBI and the CIA. Disgraceful!,everyone,here,is,talking,about,why,john,podesta,refused,to,give,the,dnc,server,to,the,fbi,and,the,cia,disgraceful,,,,,,,,
883229754077392000,7/07/2017 7:42,0.2,"I look forward to all meetings today with world leaders, including my meeting with Vladimir Putin. Much to discuss.#G20Summit #USAüá∫üá∏",i,look,forward,to,all,meetings,today,with,world,leaders,including,my,meeting,with,vladimir,putin,much,to,discuss,#g20summit,#usaüá∫üá∏,,,,,,,,
883230130885324000,7/07/2017 7:44,0.0625,I will represent our country well and fight for its interests! Fake News Media will never cover me accurately but who cares! We will #MAGA!,i,will,represent,our,country,well,and,fight,for,its,interests,fake,news,media,will,never,cover,me,accurately,but,who,cares,we,will,#maga,,,,
883444736849305000,7/07/2017 21:56,0,Thank you! ‚ÄúTrump‚Äôs Defining Speech‚Äù WSJ Editorial: https://t.co/YuDgVfRroR https://t.co/T0R4u4IHDJ,thank,you,trumps,defining,speech,wsj,editorial,http://...,http://...,,,,,,,,,,,,,,,,,,,,
883469033059864000,7/07/2017 23:33,0.55625,"Great first day with world leaders at the #G20Summit here in Hamburg, Germany. Looking forward to day two! #USA https://t.co/bLKgZKQemw",great,first,day,with,world,leaders,at,the,#g20summit,here,in,hamburg,germany,looking,forward,to,day,two,#usa,http://...,,,,,,,,,
883751888491098000,8/07/2017 18:17,0,We will fight the #FakeNews with you! https://t.co/zOMiXTeLJq,we,will,fight,the,#fakenews,with,you,http://...,,,,,,,,,,,,,,,,,,,,,
883752778379792000,8/07/2017 18:20,0.766666667,The #G20Summit was a wonderful success and carried out beautifully by Chancellor Angela Merkel. Thank you!,the,#g20summit,was,a,wonderful,success,and,carried,out,beautifully,by,chancellor,angela,merkel,thank,you,,,,,,,,,,,,,
883760134333378000,8/07/2017 18:50,0.333333333,"Law enforcement &amp, military did a spectacular job in Hamburg. Everybody felt totally safe despite the anarchists. @PolizeiHamburg #G20Summit",law,enforcement,&,military,did,a,spectacular,job,in,hamburg,everybody,felt,totally,safe,despite,the,anarchists,@polizeihamburg,#g20summit,,,,,,,,,,
883761448064864000,8/07/2017 18:55,0.5,"Leaving Hamburg for Washington, D.C. and the WH. Just left China‚Äôs President Xi where we had an excellent meeting on trade &amp, North Korea.",leaving,hamburg,for,washington,dc,and,the,wh,just,left,chinas,president,xi,where,we,had,an,excellent,meeting,on,trade,&,north,korea,,,,,
883845492790235000,9/07/2017 0:29,0.975,"Thank you @SenatorDole, very kind! https://t.co/cXrYiK46Qq",thank,you,@senatordole,very,kind,http://...,,,,,,,,,,,,,,,,,,,,,,,
884008221970763000,9/07/2017 11:15,0.18125,The G 20 Summit was a great success for the U.S. - Explained that the U.S. must fix the many bad trade deals it has made. Will get done!,the,g,20,summit,was,a,great,success,for,the,us,-,explained,that,the,us,must,fix,the,many,bad,trade,deals,it,has,made,will,get,done
884012097805406000,9/07/2017 11:31,0.216666667,I strongly pressed President Putin twice about Russian meddling in our election. He vehemently denied it. I've already given my opinion.....,i,strongly,pressed,president,putin,twice,about,russian,meddling,in,our,election,he,vehemently,denied,it,ive,already,given,my,opinion,,,,,,,,
884013689736769000,9/07/2017 11:37,0,...We negotiated a ceasefire in parts of Syria which will save lives. Now it is time to move forward in working constructively with Russia!,we,negotiated,a,ceasefire,in,parts,of,syria,which,will,save,lives,now,it,is,time,to,move,forward,in,working,constructively,with,russia,,,,,
884016887692234000,9/07/2017 11:50,0.11875,"Putin &amp, I discussed forming an impenetrable Cyber Security unit    so that election hacking, &amp, many other negative things, will be guarded..",putin,&,i,discussed,forming,an,impenetrable,cyber,security,unit,so,that,election,hacking,&,many,other,negative,things,will,be,guarded,,,,,,,
884018776391503000,9/07/2017 11:57,0.5,"...and safe. Questions were asked about why the CIA &amp, FBI had to ask the DNC 13 times for their SERVER, and were rejected, still don't....",and,safe,questions,were,asked,about,why,the,cia,&,fbi,had,to,ask,the,dnc,13,times,for,their,server,and,were,rejected,still,dont,,,
884020939264073000,9/07/2017 12:06,-0.25,...have it. Fake News said 17 intel agencies when actually 4 (had to apologize). Why did Obama do NOTHING when he had info before election?,have,it,fake,news,said,17,intel,agencies,when,actually,4,had,to,apologize,why,did,obama,do,nothing,when,he,had,info,before,election,,,,
884027201804488000,9/07/2017 12:31,0,"Sanctions were not discussed at my meeting with President Putin. Nothing will be done until the Ukrainian &amp, Syrian problems are solved!",sanctions,were,not,discussed,at,my,meeting,with,president,putin,nothing,will,be,done,until,the,ukrainian,&,syrian,problems,are,solved,,,,,,,
884033889613828000,9/07/2017 12:57,1,MAKE AMERICA GREAT AGAIN! https://t.co/NVDVRrWLs4,make,america,great,again,http://...,,,,,,,,,,,,,,,,,,,,,,,,
884141905436696000,9/07/2017 20:07,0,"""For years, even as a """"civilian,"""" I listened as Republicans pushed the Repeal and Replace of ObamaCare. Now they finally have their chance!""",for,years,even,as,a,civilian,i,listened,as,republicans,pushed,the,repeal,and,replace,of,obamacare,now,they,finally,have,their,chance,,,,,,
884142582191849000,9/07/2017 20:09,0.6875,Syrian ceasefire seems to be holding. Many lives can be saved. Came out of meeting. Good!,syrian,ceasefire,seems,to,be,holding,many,lives,can,be,saved,came,out,of,meeting,good,,,,,,,,,,,,,
884211874518192000,10/07/2017 0:45,-0.390625,"The fact that President Putin and I discussed a Cyber Security unit  doesn't mean I think it can happen. It can't-but a ceasefire can,&amp, did!",the,fact,that,president,putin,and,i,discussed,a,cyber,security,unit,doesnt,mean,i,think,it,can,happen,it,cant-but,a,ceasefire,can&,did,,,,
884361623514656000,10/07/2017 10:40,-0.625,James Comey leaked CLASSIFIED INFORMATION to the media. That is so illegal!,james,comey,leaked,classified,information,to,the,media,that,is,so,illegal,,,,,,,,,,,,,,,,,
884363456849342000,10/07/2017 10:47,0.412121212,I cannot imagine that Congress would dare to leave Washington without a beautiful new HealthCare bill fully approved and ready to go!,i,cannot,imagine,that,congress,would,dare,to,leave,washington,without,a,beautiful,new,healthcare,bill,fully,approved,and,ready,to,go,,,,,,,
884374529660903000,10/07/2017 11:31,-0.03125,"When I left Conference Room for short meetings with Japan and other countries, I asked Ivanka to hold seat. Very standard. Angela M agrees!",when,i,left,conference,room,for,short,meetings,with,japan,and,other,countries,i,asked,ivanka,to,hold,seat,very,standard,angela,m,agrees,,,,,
884378624660582000,10/07/2017 11:47,-0.625,"If Chelsea Clinton were asked to hold the seat for her mother,as her mother gave our country away, the Fake News would say CHELSEA FOR PRES!",if,chelsea,clinton,were,asked,to,hold,the,seat,for,her,motheras,her,mother,gave,our,country,away,the,fake,news,would,say,chelsea,for,pres,,,
884728971530829000,11/07/2017 10:59,0.141111111,"The Senate Democrats have only confirmed 48 of 197 Presidential Nominees. They  can't win so all they do is slow things down &amp, obstruct!",the,senate,democrats,have,only,confirmed,48,of,197,presidential,nominees,they,cant,win,so,all,they,do,is,slow,things,down,&,obstruct,,,,,
884740553040175000,11/07/2017 11:46,-0.364583333,Working hard to get the Olympics for the United States (L.A.). Stay tuned!,working,hard,to,get,the,olympics,for,the,united,states,la,stay,tuned,,,,,,,,,,,,,,,,
884746435039768000,11/07/2017 12:09,0,Marine Plane crash in Mississippi is heartbreaking. Melania and I send our deepest condolences to all!,marine,plane,crash,in,mississippi,is,heartbreaking,melania,and,i,send,our,deepest,condolences,to,all,,,,,,,,,,,,,
884750055776948000,11/07/2017 12:23,0.1875,Big wins against ISIS!,big,wins,against,isis,,,,,,,,,,,,,,,,,,,,,,,,,
884931352201756000,12/07/2017 0:24,1,"My son, Donald, will be interviewed by @seanhannity tonight at 10:00 P.M. He is a great person who loves our country!",my,son,donald,will,be,interviewed,by,@seanhannity,tonight,at,1000,pm,he,is,a,great,person,who,loves,our,country,,,,,,,,
885081181980590000,12/07/2017 10:19,0.225,"My son Donald did a good job last night. He was open, transparent and innocent. This is the greatest Witch Hunt in political history. Sad!",my,son,donald,did,a,good,job,last,night,he,was,open,transparent,and,innocent,this,is,the,greatest,witch,hunt,in,political,history,sad,,,,
885084555421634000,12/07/2017 10:32,-0.5,"""Remember, when you hear the words """"sources say"""" from the Fake Media, often times those sources are made up and do not exist.""",remember,when,you,hear,the,words,sources,say,from,the,fake,media,often,times,those,sources,are,made,up,and,do,not,exist,,,,,,
885092844511387000,12/07/2017 11:05,-0.327777778,"ISIS is on the run &amp, will soon be wiped out of Syria &amp, Iraq, illegal border crossings are way down (75%) &amp, MS 13 gangs are being removed.",isis,is,on,the,run,&,will,soon,be,wiped,out,of,syria,&,iraq,illegal,border,crossings,are,way,down,75,&,ms,13,gangs,are,being,removed
885109663217352000,12/07/2017 12:12,0,""".@WashTimes states """"Democrats have willfully used Moscow disinformation to influence the presidential election against Donald Trump.""""""",@washtimes,states,democrats,have,willfully,used,moscow,disinformation,to,influence,the,presidential,election,against,donald,trump,,,,,,,,,,,,,
885128373441355000,12/07/2017 13:27,0,Why aren't the same standards placed on the Democrats. Look what Hillary Clinton may have gotten away with. Disgraceful!,why,arent,the,same,standards,placed,on,the,democrats,look,what,hillary,clinton,may,have,gotten,away,with,disgraceful,,,,,,,,,,
885131482397908000,12/07/2017 13:39,0.2828125,"The W.H. is functioning perfectly, focused on HealthCare, Tax Cuts/Reform &amp, many other things. I have very little time for watching T.V.",the,wh,is,functioning,perfectly,focused,on,healthcare,tax,cutsreform,&,many,other,things,i,have,very,little,time,for,watching,tv,,,,,,,
885232527656538000,12/07/2017 20:20,0.15,"""""""After 14 years, U.S. beef hits Chinese market. Trade deal an exciting opportunity for agriculture."""" https://t.co/gDGgejqFMs""",after,14,years,us,beef,hits,chinese,market,trade,deal,an,exciting,opportunity,for,agriculture,http://...,,,,,,,,,,,,,
885266492765466000,12/07/2017 22:35,0,"Getting rdy to leave for France @ the invitation of President Macron to celebrate &amp, honor Bastille Day and 100yrs since U.S. entry into WWI.",getting,rdy,to,leave,for,france,@,the,invitation,of,president,macron,to,celebrate,&,honor,bastille,day,and,100yrs,since,us,entry,into,wwi,,,,
885274148012011000,12/07/2017 23:06,0.462424242,Stock market hits another high with spirit and enthusiasm so positive. Jobs outlook looking very good! #MAGAüá∫üá∏ https://t.co/Vwxsb2vWGe,stock,market,hits,another,high,with,spirit,and,enthusiasm,so,positive,jobs,outlook,looking,very,good,#magaüá∫üá∏,http://...,,,,,,,,,,,
885275592681295000,12/07/2017 23:12,0,"JOBS, JOBS, JOBS! #MAGAüá∫üá∏ https://t.co/HScS4Y9ZJK",jobs,jobs,jobs,#magaüá∫üá∏,http://...,,,,,,,,,,,,,,,,,,,,,,,,
885278633014812000,12/07/2017 23:24,0.409375,"Big WIN today for building the wall. It will secure the border &amp, save lives. Now the full House &amp, Senate must act! ‚û°Ô∏èhttps://t.co/TTg7lvBdo2 https://t.co/xhiknXko70",big,win,today,for,building,the,wall,it,will,secure,the,border,&,save,lives,now,the,full,house,&,senate,must,act,‚û°Ô∏è,http://...,http://...,,,
885410010167226000,13/07/2017 8:06,0,"Just landed in Paris, France with @FLOTUS Melania. https://t.co/knULGOQF1K",just,landed,in,paris,france,with,@flotus,melania,http://...,,,,,,,,,,,,,,,,,,,,
885481504780013000,13/07/2017 12:50,0.25,"Melania and I were thrilled to join the dedicated men and women of the @USEmbassyFrance, members of the U.S. Military and their families. https://t.co/ZSdsJ0Bsbl",melania,and,i,were,thrilled,to,join,the,dedicated,men,and,women,of,the,@usembassyfrance,members,of,the,us,military,and,their,families,http://...,,,,,
885570979975639000,13/07/2017 18:45,0.925,"President @EmmanuelMacron,Thank you for the beautiful welcome ceremony at Les Invalides today! https://t.co/RKir1GcRrB",president,@emmanuelmacronthank,you,for,the,beautiful,welcome,ceremony,at,les,invalides,today,http://...,,,,,,,,,,,,,,,,
885579818875670000,13/07/2017 19:20,0.8,Great bilateral meetings at √âlys√©e Palace w/ President @EmmanuelMacron. The friendship between our two nations and ourselves is unbreakable. https://t.co/IOSoC0MdPv,great,bilateral,meetings,at,√©lys√©e,palace,w,president,@emmanuelmacron,the,friendship,between,our,two,nations,and,ourselves,is,unbreakable,http://...,,,,,,,,,
885769944482414000,14/07/2017 7:56,0.8,"Great evening with President @EmmanuelMacron &amp, Mrs. Macron. Went to Eiffel Tower for dinner. Relationship with France stronger than ever. https://t.co/ib1pdUYoEU",great,evening,with,president,@emmanuelmacron,&,mrs,macron,went,to,eiffel,tower,for,dinner,relationship,with,france,stronger,than,ever,http://...,,,,,,,,
885770227514052000,14/07/2017 7:57,-0.458333333,"Republicans Senators are working hard to get their failed ObamaCare replacement approved. I will be at my desk, pen in hand!",republicans,senators,are,working,hard,to,get,their,failed,obamacare,replacement,approved,i,will,be,at,my,desk,pen,in,hand,,,,,,,,
885772254017187000,14/07/2017 8:05,0,"So impt Rep Senators, under leadership of @SenateMajLdr McConnell get healthcare plan approved. After 7yrs of O'Care disaster, must happen!",so,impt,rep,senators,under,leadership,of,@senatemajldr,mcconnell,get,healthcare,plan,approved,after,7yrs,of,ocare,disaster,must,happen,,,,,,,,,
885772727315030000,14/07/2017 8:07,0,"After all of these years of suffering thru ObamaCare, Republican Senators must come through as they have promised!",after,all,of,these,years,of,suffering,thru,obamacare,republican,senators,must,come,through,as,they,have,promised,,,,,,,,,,,
885773130723205000,14/07/2017 8:09,0.331349206,.@VP Mike Pence is working hard on HealthCare and getting our wonderful Republican Senators to do what is right for the people.,@vp,mike,pence,is,working,hard,on,healthcare,and,getting,our,wonderful,republican,senators,to,do,what,is,right,for,the,people,,,,,,,
885817217455140000,14/07/2017 11:04,0.495833333,It was a great honor to represent the United States at the magnificent #BastilleDay parade. Congratulations President @EmmanuelMacron! https://t.co/1J4vZiy98y,it,was,a,great,honor,to,represent,the,united,states,at,the,magnificent,#bastilleday,parade,congratulations,president,@emmanuelmacron,http://...,,,,,,,,,,
885856351557210000,14/07/2017 13:39,0.6,"The United States mourns for the victims of Nice, France. We pledge our solidarity with France against terror. üá∫üá∏üá´üá∑ https://t.co/7irbz08oT3",the,united,states,mourns,for,the,victims,of,nice,france,we,pledge,our,solidarity,with,france,against,terror,üá∫üá∏üá´üá∑,http://...,,,,,,,,,
885858247277727000,14/07/2017 13:47,0.35,"Great conversations with President @EmmanuelMacron and his representatives on trade, military and security.",great,conversations,with,president,@emmanuelmacron,and,his,representatives,on,trade,military,and,security,,,,,,,,,,,,,,,,
885865609971605000,14/07/2017 14:16,0.259090909,"Left Paris for U.S.A. Will be heading to New Jersey and attending the#USWomensOpen, their most important tournament, this afternoon.",left,paris,for,usa,will,be,heading,to,new,jersey,and,attending,the,#uswomensopen,their,most,important,tournament,this,afternoon,,,,,,,,,
885988016912838000,14/07/2017 22:22,0.575,"Just landed from Paris, France. It was an incredible visit with President @EmmanuelMacron. A lot discussed and accomplished in two days!",just,landed,from,paris,france,it,was,an,incredible,visit,with,president,@emmanuelmacron,a,lot,discussed,and,accomplished,in,two,days,,,,,,,,
885992108565291000,14/07/2017 22:39,0,"President @EmmanuelMacron,Thank you for inviting Melania and myself to such a historic celebration in France. #BastilleDay #14juillet https://t.co/KZjJQOo0H1",president,@emmanuelmacronthank,you,for,inviting,melania,and,myself,to,such,a,historic,celebration,in,france,#bastilleday,#14juillet,http://...,,,,,,,,,,,
886036222308757000,15/07/2017 1:34,0.25,Honored to serve as Commander-in-Chief to the courageous men and women of our U.S. Armed Forces. A grateful nation thanks you! https://t.co/wERNV7J4oO,honored,to,serve,as,commander-in-chief,to,the,courageous,men,and,women,of,our,us,armed,forces,a,grateful,nation,thanks,you,http://...,,,,,,,
886058483392622000,15/07/2017 3:02,0.129166667,"I will be at the @USGA #USWomensOpen in Bedminster, NJ tomorrow. Big crowds expected &amp, the women are playing great-should be very exciting!",i,will,be,at,the,@usga,#uswomensopen,in,bedminster,nj,tomorrow,big,crowds,expected,&,the,women,are,playing,great-should,be,very,exciting,,,,,,
886259363412926000,15/07/2017 16:21,0.368181818,Stock Market at new all-time high! Working on new trade deals that will be great for U.S. and its workers!,stock,market,at,new,all-time,high,working,on,new,trade,deals,that,will,be,great,for,us,and,its,workers,,,,,,,,,
886261674029854000,15/07/2017 16:30,0.29,"Stock Market hit another all-time high yesterday - despite the Russian hoax story! Also, jobs numbers are starting to look very good!",stock,market,hit,another,all-time,high,yesterday,-,despite,the,russian,hoax,story,also,jobs,numbers,are,starting,to,look,very,good,,,,,,,
886262474277888000,15/07/2017 16:33,0,Will be at the Women's U.S. Open today!,will,be,at,the,womens,us,open,today,,,,,,,,,,,,,,,,,,,,,
886283456644251000,15/07/2017 17:56,0,Next week the Senate is going to vote on legislation to save Americans from the ObamaCare DISASTER. #WeeklyAddressüá∫üá∏ https://t.co/xjVDkgo1NK,next,week,the,senate,is,going,to,vote,on,legislation,to,save,americans,from,the,obamacare,disaster,#weeklyaddressüá∫üá∏,http://...,,,,,,,,,,
886319322154586000,15/07/2017 20:19,1,MAKE AMERICA GREAT AGAIN! https://t.co/3eYF3nir4B,make,america,great,again,http://...,,,,,,,,,,,,,,,,,,,,,,,,
886321948275429000,15/07/2017 20:29,0.378787879,"Just got to the #USWomensOpen in Bedminster, New Jersey. People are really happy with record high stock market - up over 17% since election!",just,got,to,the,#uswomensopen,in,bedminster,new,jersey,people,are,really,happy,with,record,high,stock,market,-,up,over,17,since,election,,,,,
886421324637380000,16/07/2017 3:04,0.183333333,The women played great today at the @USGA #USWomensOpenüá∫üá∏ I look forward to being there tomorrow for the final round! https://t.co/2oWyptgfIY,the,women,played,great,today,at,the,@usga,#uswomensopenüá∫üá∏,i,look,forward,to,being,there,tomorrow,for,the,final,round,http://...,,,,,,,,
886534810575020000,16/07/2017 10:35,-0.5,"HillaryClinton can illegally get the questions to the Debate &amp, delete 33,000 emails but my son Don is being scorned by the Fake News Media?",hillaryclinton,can,illegally,get,the,questions,to,the,debate,&,delete,33000,emails,but,my,son,don,is,being,scorned,by,the,fake,news,media,,,,
886538703547621000,16/07/2017 10:51,0.222916667,"Thank you to all of the supporters, who far out-numbered the protesters, yesterday at the Women's U.S. Open. Very cool!",thank,you,to,all,of,the,supporters,who,far,out-numbered,the,protesters,yesterday,at,the,womens,us,open,very,cool,,,,,,,,,
886541955311816000,16/07/2017 11:04,0.2,Thank you to former campaign adviser Michael Caputo for saying so powerfully that there was no Russian collusion in our winning campaign.,thank,you,to,former,campaign,adviser,michael,caputo,for,saying,so,powerfully,that,there,was,no,russian,collusion,in,our,winning,campaign,,,,,,,
886544734788997000,16/07/2017 11:15,-0.2325,"With all of its phony unnamed sources &amp, highly slanted &amp, even fraudulent reporting, #Fake News is DISTORTING DEMOCRACY in our country!",with,all,of,its,phony,unnamed,sources,&,highly,slanted,&,even,fraudulent,reporting,#fake,news,is,distorting,democracy,in,our,country,,,,,,,
886588838902206000,16/07/2017 14:10,0.4875,"The ABC/Washington Post Poll, even though almost 40% is not bad at this time, was just about the most inaccurate poll around election time!",the,abcwashington,post,poll,even,though,almost,40,is,not,bad,at,this,time,was,just,about,the,most,inaccurate,poll,around,election,time,,,,,
886635676787232000,16/07/2017 17:16,0.5,The #USSJohnFinn will provide essential capabilities to keep America safe. Our sailors are the best anywhere in the world. Congratulations! https://t.co/yTnMwSh1Kg,the,#ussjohnfinn,will,provide,essential,capabilities,to,keep,america,safe,our,sailors,are,the,best,anywhere,in,the,world,congratulations,http://...,,,,,,,,
886691926233239000,16/07/2017 21:00,0.246875,I am at the @USGA  #USWomensOpen. An amateur player is co-leading for the first time in many decades - very exciting!,i,am,at,the,@usga,#uswomensopen,an,amateur,player,is,co-leading,for,the,first,time,in,many,decades,-,very,exciting,,,,,,,,
886742955251335000,17/07/2017 0:22,0.5,Congratulations to Sung Hyun Park on winning the 2017 @USGA #USWomensOpenüá∫üá∏,congratulations,to,sung,hyun,park,on,winning,the,2017,@usga,#uswomensopenüá∫üá∏,,,,,,,,,,,,,,,,,,
886743367815766000,17/07/2017 0:24,0.06875,"Heading back to Washington, D.C. Much will be accomplished this week on trade, the military and security!",heading,back,to,washington,dc,much,will,be,accomplished,this,week,on,trade,the,military,and,security,,,,,,,,,,,,
886950594220568000,17/07/2017 14:07,0.625,Most politicians would have gone to a meeting like the one Don jr attended in order to get info on an opponent. That's politics!,most,politicians,would,have,gone,to,a,meeting,like,the,one,don,jr,attended,in,order,to,get,info,on,an,opponent,thats,politics,,,,,
887134287350439000,18/07/2017 2:17,0.297348485,"Republicans should just REPEAL failing ObamaCare now &amp, work on a new Healthcare Plan that will start from a clean slate. Dems will join in!",republicans,should,just,repeal,failing,obamacare,now,&,work,on,a,new,healthcare,plan,that,will,start,from,a,clean,slate,dems,will,join,in,,,,
887279050263285000,18/07/2017 11:53,0.018865741,"We were let down by all of the Democrats and a few Republicans. Most Republicans were loyal, terrific &amp, worked really hard. We will return!",we,were,let,down,by,all,of,the,democrats,and,a,few,republicans,most,republicans,were,loyal,terrific,&,worked,really,hard,we,will,return,,,,
887280380423938000,18/07/2017 11:58,0.25,"As I have always said, let ObamaCare fail and then come together and do a great healthcare plan. Stay tuned!",as,i,have,always,said,let,obamacare,fail,and,then,come,together,and,do,a,great,healthcare,plan,stay,tuned,,,,,,,,,
887299895803203000,18/07/2017 13:15,0.035,"With only a very small majority, the Republicans in the House &amp, Senate need more victories next year since Dems totally obstruct, no votes!",with,only,a,very,small,majority,the,republicans,in,the,house,&,senate,need,more,victories,next,year,since,dems,totally,obstruct,no,votes,,,,,
887302632687251000,18/07/2017 13:26,-0.133333333,The Senate must go to a 51 vote majority instead of current 60 votes. Even parts of full Repeal need 60. 8 Dems control Senate. Crazy!,the,senate,must,go,to,a,51,vote,majority,instead,of,current,60,votes,even,parts,of,full,repeal,need,60,8,dems,control,senate,crazy,,,
887475373981696000,19/07/2017 0:53,-0.597619048,"""Fake News story of secret dinner with Putin is """"sick."""" All G 20 leaders, and spouses, were invited by the Chancellor of Germany. Press knew!""",fake,news,story,of,secret,dinner,with,putin,is,sick,all,g,20,leaders,and,spouses,were,invited,by,the,chancellor,of,germany,press,knew,,,,
887477071160762000,19/07/2017 0:59,0.064285714,The Fake News is becoming more and more dishonest! Even a dinner arranged for top 20 leaders in Germany is made to look sinister!,the,fake,news,is,becoming,more,and,more,dishonest,even,a,dinner,arranged,for,top,20,leaders,in,germany,is,made,to,look,sinister,,,,,
887650824515661000,19/07/2017 12:30,0,I will be having lunch at the White House today with Republican Senators concerning healthcare. They MUST keep their promise to America!,i,will,be,having,lunch,at,the,white,house,today,with,republican,senators,concerning,healthcare,they,must,keep,their,promise,to,america,,,,,,,
887654816507408000,19/07/2017 12:46,0.6625,"The Republicans never discuss how good their healthcare bill is, &amp, it will get even better at lunchtime.The Dems scream death as OCare dies!",the,republicans,never,discuss,how,good,their,healthcare,bill,is,&,it,will,get,even,better,at,lunchtimethe,dems,scream,death,as,ocare,dies,,,,,
887862941109940000,20/07/2017 2:33,0,"Melania and I send our thoughts and prayers to Senator McCain, Cindy, and their entire family. Get well soon. https://t.co/fONWVlmYyz",melania,and,i,send,our,thoughts,and,prayers,to,senator,mccain,cindy,and,their,entire,family,get,well,soon,http://...,,,,,,,,,
888088029428150000,20/07/2017 17:27,0.8,"Departing The Pentagon after meetings with @VP Pence, Secretary James Mattis, and our great teams. #MAGAüá∫üá∏ https://t.co/5d1MSzhjQS",departing,the,pentagon,after,meetings,with,@vp,pence,secretary,james,mattis,and,our,great,teams,#magaüá∫üá∏,http://...,,,,,,,,,,,,
888128621784838000,20/07/2017 20:08,0.25,"I am asking all citizens to believe in yourselves, believe in your future, and believe, once more, in America. #AmericaFirstüá∫üá∏ https://t.co/NOnhJyWp4J",i,am,asking,all,citizens,to,believe,in,yourselves,believe,in,your,future,and,believe,once,more,in,america,#americafirstüá∫üá∏,http://...,,,,,,,,
888240051599134000,21/07/2017 3:31,0.170454545,"Billions of dollars in investments &amp, thousands of new jobs in America! An initiative via Corning, Merck &amp, Pfizer: https://t.co/QneN48bSiq https://t.co/5VtMfuY3PM",billions,of,dollars,in,investments,&,thousands,of,new,jobs,in,america,an,initiative,via,corning,merck,&,pfizer,http://...,http://...,,,,,,,,
888393378970439000,21/07/2017 13:41,0,#MadeInAmericaüá∫üá∏üì∏https://t.co/39dwlGHI7R https://t.co/VfIrc5Xssx,#madeinamericaüá∫üá∏üì∏,http://...,http://...,,,,,,,,,,,,,,,,,,,,,,,,,,
888420461075476000,21/07/2017 15:28,0,"""""""Six months in - it is the hope of GROWTHüìàthat is making Americaüá∫üá∏FOUR TRILLION DOLLARSüí∞RICHER."""" -Stuart @VarneyCoüé•https://t.co/s7fYOicWGV https://t.co/x9MeUzDom6""",six,months,in,-,it,is,the,hope,of,growthüìàthat,is,making,americaüá∫üá∏four,trillion,dollarsüí∞richer,#NAME?,@varneycoüé•,http://...,http://...,,,,,,,,,,
888429879603191000,21/07/2017 16:06,0.678571429,"ICYMI- This week we hosted a #MadeInAmerica event, right here at the @WhiteHouse! If it is MADE IN AMERICA, it is the BEST! USAüá∫üá∏ https://t.co/q4vB9GdE5y",icymi-,this,week,we,hosted,a,#madeinamerica,event,right,here,at,the,@whitehouse,if,it,is,made,in,america,it,is,the,best,usaüá∫üá∏,http://...,,,,
888478670502932000,21/07/2017 19:19,0,Manufacturers‚Äô record-high optimism reported in the 1st qtr has carried into the 2nd qtr of 2017 via @ShopFloorNAM:https://t.co/a42fNElct1 https://t.co/WHZtcAxhRQ,manufacturers,record-high,optimism,reported,in,the,1st,qtr,has,carried,into,the,2nd,qtr,of,2017,via,@shopfloornam,http://...,http://...,,,,,,,,,
888529645381062000,21/07/2017 10:42,0.8,"Today, it was my privilege to welcome survivors of the #USSArizona to the WH. Remarks: https://t.co/gySxxqazBlhttps://t.co/gySxxqazBl https://t.co/ZJaLAfBcv0",today,it,was,my,privilege,to,welcome,survivors,of,the,#ussarizona,to,the,wh,remarks,http://...,http://...,http://...,,,,,,,,,,,
888530948811366000,21/07/2017 22:47,0.8,"Today, it was my privilege to welcome survivors of the #USSArizona to the @WhiteHouse. #HonorThemüá∫üá∏Remarks: https://t.co/gySxxqazBl https://t.co/6IPmbqVi10",today,it,was,my,privilege,to,welcome,survivors,of,the,#ussarizona,to,the,@whitehouse,#honorthemüá∫üá∏remarks,http://...,http://...,,,,,,,,,,,,
888575966259314000,22/07/2017 1:46,0.341666667,Sean Spicer is a wonderful person who took tremendous abuse from the Fake News Media - but his future is bright!,sean,spicer,is,a,wonderful,person,who,took,tremendous,abuse,from,the,fake,news,media,-,but,his,future,is,bright,,,,,,,,
888708453560184000,22/07/2017 10:33,-0.244318182,"A new INTELLIGENCE LEAK from the Amazon Washington Post,this time against A.G. Jeff Sessions.These illegal leaks, like Comey's, must stop!",a,new,intelligence,leak,from,the,amazon,washington,postthis,time,against,ag,jeff,sessionsthese,illegal,leaks,like,comeys,must,stop,,,,,,,,,
888711488717934000,22/07/2017 10:45,-0.037337662,"The Failing New York Times foiled U.S. attempt to kill the single most wanted terrorist,Al-Baghdadi.Their sick agenda over National Security",the,failing,new,york,times,foiled,us,attempt,to,kill,the,single,most,wanted,terroristal-baghdaditheir,sick,agenda,over,national,security,,,,,,,,,
888713231065391000,22/07/2017 10:52,0,"This morning I will be going to the Commissioning Ceremony for the largest aircraft carrier in the world, The Gerald R. Ford.  Norfolk, Va.",this,morning,i,will,be,going,to,the,commissioning,ceremony,for,the,largest,aircraft,carrier,in,the,world,the,gerald,r,ford,norfolk,va,,,,,
888724194820857000,22/07/2017 11:35,0.066666667,"While all agree the U. S. President has the complete power to pardon, why think of that when only crime so far is LEAKS against us.FAKE NEWS",while,all,agree,the,u,s,president,has,the,complete,power,to,pardon,why,think,of,that,when,only,crime,so,far,is,leaks,against,usfake,news,,
888726438265966000,22/07/2017 11:44,0.452380952,"So many people are asking why isn't the A.G. or Special Council looking at the many Hillary Clinton or Comey crimes. 33,000 e-mails deleted?",so,many,people,are,asking,why,isnt,the,ag,or,special,council,looking,at,the,many,hillary,clinton,or,comey,crimes,33000,e-mails,deleted,,,,,
888727293346156000,22/07/2017 11:47,0,"...What about all of the Clinton ties to Russia, including Podesta Company, Uranium deal, Russian Reset, big dollar speeches etc.",what,about,all,of,the,clinton,ties,to,russia,including,podesta,company,uranium,deal,russian,reset,big,dollar,speeches,etc,,,,,,,,,
888730468732067000,22/07/2017 12:00,0,"My son Donald openly gave his e-mails to the media &amp, authorities whereas Crooked Hillary Clinton deleted (&amp, acid washed) her 33,000 e-mails!",my,son,donald,openly,gave,his,e-mails,to,the,media,&,authorities,whereas,crooked,hillary,clinton,deleted,&,acid,washed,her,33000,e-mails,,,,,,
888733031875346000,22/07/2017 12:10,0,"In all fairness to Anthony Scaramucci, he wanted to endorse me 1st, before the Republican Primaries started, but didn't think I was running!",in,all,fairness,to,anthony,scaramucci,he,wanted,to,endorse,me,1st,before,the,republican,primaries,started,but,didnt,think,i,was,running,,,,,,
888734848550043000,22/07/2017 12:17,0.5,"The Republican Senators must step up to the plate and, after 7 years, vote to Repeal and Replace. Next, Tax Reform and Infrastructure. WIN!",the,republican,senators,must,step,up,to,the,plate,and,after,7,years,vote,to,repeal,and,replace,next,tax,reform,and,infrastructure,win,,,,,
888736256145985000,22/07/2017 12:23,-0.1,"ObamaCare is dead and the Democrats are obstructionists, no ideas or votes, only obstruction. It is solely up to the 52 Republican Senators!",obamacare,is,dead,and,the,democrats,are,obstructionists,no,ideas,or,votes,only,obstruction,it,is,solely,up,to,the,52,republican,senators,,,,,,
888771440014749000,22/07/2017 14:43,0.136363636,Join me live for the commissioning ceremony of the USS Gerald R. Ford!‚û°Ô∏èhttps://t.co/F78iOR64TW #USA https://t.co/PrVceEmPOB,join,me,live,for,the,commissioning,ceremony,of,the,uss,gerald,r,ford‚û°Ô∏è,http://...,#usa,http://...,,,,,,,,,,,,,
888841724759597000,22/07/2017 19:22,0.425,A ship is only as good as the people who serve on it ‚Äî and the AMERICAN SAILOR is the BEST in the world. @USNavy #USSGeraldRFord https://t.co/YmiTLXcCEh,a,ship,is,only,as,good,as,the,people,who,serve,on,it,,and,the,american,sailor,is,the,best,in,the,world,@usnavy,#ussgeraldrford,http://...,,
888895687865380000,22/07/2017 22:57,0,"American steel &amp, American hands have constructed a 100,000 ton message to the world: American MIGHT IS SECOND TO NONE!#USSGeraldRFord #USA https://t.co/Pibf37Eybg",american,steel,&,american,hands,have,constructed,a,100000,ton,message,to,the,world,american,might,is,second,to,none,#ussgeraldrford,#usa,http://...,,,,,,
888924192573235000,23/07/2017 0:50,0,"To every PATRIOT who will serve on the #USSGeraldRFord:‚òëÔ∏èKeep the watchüá∫üá∏‚òëÔ∏èProtect herüá∫üá∏‚òëÔ∏èDefend herüá∫üá∏‚òëÔ∏èLOVE HERüá∫üá∏Good Luck &amp, Godspeed! https://t.co/shcz5GQkCh",to,every,patriot,who,will,serve,on,the,#ussgeraldrford‚òëÔ∏èkeep,the,watchüá∫üá∏‚òëÔ∏èprotect,herüá∫üá∏‚òëÔ∏èdefend,herüá∫üá∏‚òëÔ∏èlove,herüá∫üá∏good,luck,&,godspeed,http://...,,,,,,,,,,,
889215815022727000,23/07/2017 20:09,-0.03125,"As the phony Russian Witch Hunt continues, two groups are laughing at this excuse for a lost election taking hold, Democrats and Russians!",as,the,phony,russian,witch,hunt,continues,two,groups,are,laughing,at,this,excuse,for,a,lost,election,taking,hold,democrats,and,russians,,,,,,
889217183930351000,23/07/2017 20:14,-0.297916667,"It's very sad that Republicans, even some that were carried over the line on my back, do very little to protect their President.",its,very,sad,that,republicans,even,some,that,were,carried,over,the,line,on,my,back,do,very,little,to,protect,their,president,,,,,,
889273320574783000,23/07/2017 23:57,-0.200757576,"It's hard to read the Failing New York Times or the Amazon Washington Post because every story/opinion, even if should be positive, is bad!",its,hard,to,read,the,failing,new,york,times,or,the,amazon,washington,post,because,every,storyopinion,even,if,should,be,positive,is,bad,,,,,
889274373689028000,24/07/2017 0:01,0.008333333,"If Republicans don't Repeal and Replace the disastrous ObamaCare, the repercussions will be far greater than any of them understand!",if,republicans,dont,repeal,and,replace,the,disastrous,obamacare,the,repercussions,will,be,far,greater,than,any,of,them,understand,,,,,,,,,
889279880336166000,24/07/2017 0:23,0.34375,"Thank you to @LOUDOBBS for giving the first six months of the Trump Administration an A+. S.C.,reg cutting,Stock M, jobs,border etc. = TRUE!",thank,you,to,@loudobbs,for,giving,the,first,six,months,of,the,trump,administration,an,a,screg,cuttingstock,m,jobsborder,etc,,TRUE,,,,,,
889435104841523000,24/07/2017 10:40,-0.5125,"Drain the Swamp should be changed to Drain the Sewer - it's actually much worse than anyone ever thought, and it begins with the Fake News!",drain,the,swamp,should,be,changed,to,drain,the,sewer,-,its,actually,much,worse,than,anyone,ever,thought,and,it,begins,with,the,fake,news,,,
889438168721874000,24/07/2017 10:52,0,"""After 1 year of investigation with Zero evidence being found, Chuck Schumer just stated that """"Democrats should blame ourselves,not Russia.""""""",after,1,year,of,investigation,with,zero,evidence,being,found,chuck,schumer,just,stated,that,democrats,should,blame,ourselvesnot,russia,,,,,,,,,
889467610332528000,24/07/2017 12:49,0,"So why aren't the Committees and investigators, and of course our beleaguered A.G., looking into Crooked Hillarys crimes &amp, Russia relations?",so,why,arent,the,committees,and,investigators,and,of,course,our,beleaguered,ag,looking,into,crooked,hillarys,crimes,&,russia,relations,,,,,,,,
889473486506385000,24/07/2017 13:12,-0.03125,"""Sleazy Adam Schiff, the totally biased Congressman looking into """"Russia,"""" spends all of his time on television pushing the Dem loss excuse!""",sleazy,adam,schiff,the,totally,biased,congressman,looking,into,russia,spends,all,of,his,time,on,television,pushing,the,dem,loss,excuse,,,,,,,
889474780356915000,24/07/2017 13:18,0.142857143,"Republicans have a last chance to do the right thing on Repeal &amp, Replace after years of talking &amp, campaigning on it.",republicans,have,a,last,chance,to,do,the,right,thing,on,repeal,&,replace,after,years,of,talking,&,campaigning,on,it,,,,,,,
889579795176181000,24/07/2017 20:15,-0.8,"Arriving at Joint Base Andrews with @SecretaryPerry, @SecretaryZinke, and @SecPriceMD..... https://t.co/Yxm94XKtuv",arriving,at,joint,base,andrews,with,@secretaryperry,@secretaryzinke,and,@secpricemd,http://...,,,,,,,,,,,,,,,,,,
889599425458327000,24/07/2017 21:33,0.260416667,Any senator who votes against starting debate is telling America that you are fine w/ the #OCareNightmare! Remarks: https://t.co/tSvWaMdxBA https://t.co/DI7e78hr6N,any,senator,who,votes,against,starting,debate,is,telling,america,that,you,are,fine,w,the,#ocarenightmare,remarks,http://...,http://...,,,,,,,,,
889654862379589000,25/07/2017 1:13,0.625,"#2017Jambo- Remember your duty. Honor your history. Take care of the people God puts into your life ‚Äì and LOVE &amp, CHERISH your country! https://t.co/DnNYxGJm4I",#2017jambo-,remember,your,duty,honor,your,history,take,care,of,the,people,god,puts,into,your,life,,and,love,&,cherish,your,country,http://...,,,,
889672374458646000,25/07/2017 2:23,-0.2,"The Amazon Washington Post fabricated the facts on my ending massive, dangerous, and wasteful payments to Syrian rebels fighting Assad.....",the,amazon,washington,post,fabricated,the,facts,on,my,ending,massive,dangerous,and,wasteful,payments,to,syrian,rebels,fighting,assad,,,,,,,,,
889673743873843000,25/07/2017 2:28,-0.233333333,So many stories about me in the @washingtonpost are Fake News. They are as bad as ratings challenged @CNN. Lobbyist for Amazon and taxes?,so,many,stories,about,me,in,the,@washingtonpost,are,fake,news,they,are,as,bad,as,ratings,challenged,@cnn,lobbyist,for,amazon,and,taxes,,,,,
889675644396867000,25/07/2017 2:36,-0.5,Is Fake News Washington Post being used as a lobbyist weapon against Congress to keep Politicians from looking into Amazon no-tax monopoly?,is,fake,news,washington,post,being,used,as,a,lobbyist,weapon,against,congress,to,keep,politicians,from,looking,into,amazon,no-tax,monopoly,,,,,,,
889788202172780000,25/07/2017 10:03,0,"""Ukrainian efforts to sabotage Trump campaign - """"quietly working to boost Clinton."""" So where is the investigation A.G. @seanhannity""",ukrainian,efforts,to,sabotage,trump,campaign,-,quietly,working,to,boost,clinton,so,where,is,the,investigation,ag,@seanhannity,,,,,,,,,,
889790429398528000,25/07/2017 10:12,-0.2796875,"Attorney General Jeff Sessions has taken a VERY weak position on Hillary Clinton crimes (where are E-mails &amp, DNC server) &amp, Intel leakers!",attorney,general,jeff,sessions,has,taken,a,very,weak,position,on,hillary,clinton,crimes,where,are,e-mails,&,dnc,server,&,intel,leakers,,,,,,
889792764363276000,25/07/2017 10:21,0,"Problem is that the acting head of the FBI &amp, the person in charge of the Hillary investigation, Andrew McCabe, got $700,000 from H for wife!",problem,is,that,the,acting,head,of,the,fbi,&,the,person,in,charge,of,the,hillary,investigation,andrew,mccabe,got,700000,from,h,for,wife,,,
889794300913045000,25/07/2017 10:27,0.15625,"Big day for HealthCare. After 7 years of talking, we will soon see whether or not Republicans are willing to step up to the plate!",big,day,for,healthcare,after,7,years,of,talking,we,will,soon,see,whether,or,not,republicans,are,willing,to,step,up,to,the,plate,,,,
889796918615920000,25/07/2017 10:38,-0.016666667,"ObamaCare is torturing the American People.The Democrats have fooled the people long enough. Repeal or Repeal &amp, Replace! I have pen in hand.",obamacare,is,torturing,the,american,peoplethe,democrats,have,fooled,the,people,long,enough,repeal,or,repeal,&,replace,i,have,pen,in,hand,,,,,,
889798407228989000,25/07/2017 10:44,0.4,So great that John McCain is coming back to vote. Brave - American hero! Thank you John.,so,great,that,john,mccain,is,coming,back,to,vote,brave,-,american,hero,thank,you,john,,,,,,,,,,,,
889800510106107000,25/07/2017 10:52,0.108333333,"Jared Kushner did very well yesterday in proving he did not collude with the Russians. Witch Hunt. Next up, 11 year old Barron Trump!",jared,kushner,did,very,well,yesterday,in,proving,he,did,not,collude,with,the,russians,witch,hunt,next,up,11,year,old,barron,trump,,,,,
889821674987761000,25/07/2017 12:16,0.171875,"Working on major Trade Deal with the United Kingdom. Could be very big &amp, exciting. JOBS! The E.U. is very protectionist with the U.S. STOP!",working,on,major,trade,deal,with,the,united,kingdom,could,be,very,big,&,exciting,jobs,the,eu,is,very,protectionist,with,the,us,stop,,,,
889822411356602000,25/07/2017 12:19,0.825,This will be a very interesting day for HealthCare.The Dems are obstructionists but the Republicans can have a great victory for the people!,this,will,be,a,very,interesting,day,for,healthcarethe,dems,are,obstructionists,but,the,republicans,can,have,a,great,victory,for,the,people,,,,,,
889824817473605000,25/07/2017 12:29,0.225,Will be traveling to the Great State of Ohio tonight. Big crowd expected. See you there!,will,be,traveling,to,the,great,state,of,ohio,tonight,big,crowd,expected,see,you,there,,,,,,,,,,,,,
889867842186649000,25/07/2017 15:20,0.004166667,The American people have waited long enough. There has been enough talk and no action for seven years. Now is the time for action! https://t.co/VdTiYL0Ua7,the,american,people,have,waited,long,enough,there,has,been,enough,talk,and,no,action,for,seven,years,now,is,the,time,for,action,http://...,,,,
889871789198802000,25/07/2017 15:35,0,"""""""America's Labor Market Continues to Boom"""" JOBS, JOBS, JOBS! https://t.co/LuOaR1Iz2e""",americas,labor,market,continues,to,boom,jobs,jobs,jobs,http://...,,,,,,,,,,,,,,,,,,,
889925142675062000,25/07/2017 19:07,0,Joint Press Conference with Prime Minister Saad Hariri of Lebanon beginning shortly. Join us live!‚û°Ô∏èhttps://t.co/7pquWbEutn https://t.co/JHVHKgrPOY,joint,press,conference,with,prime,minister,saad,hariri,of,lebanon,beginning,shortly,join,us,live‚û°Ô∏è,http://...,http://...,,,,,,,,,,,,
889929412539543000,25/07/2017 19:24,0.0625,.@SenJohnMcCain-Thank you for coming to D.C. for such a vital vote. Congrats to all Rep. We can now deliver grt healthcare to all Americans!,@senjohnmccain-thank,you,for,coming,to,dc,for,such,a,vital,vote,congrats,to,all,rep,we,can,now,deliver,grt,healthcare,to,all,americans,,,,,
889972487844491000,25/07/2017 22:15,0,"Just arrived in Youngstown, Ohio with @FLOTUS Melania!#MakeAmericaGreatAgainüá∫üá∏üé•https://t.co/A1mrxSksR3 https://t.co/jWX9yBlX8z",just,arrived,in,youngstown,ohio,with,@flotus,melania,#makeamericagreatagainüá∫üá∏üé•,http://...,http://...,,,,,,,,,,,,,,,,,,
890060370861334000,26/07/2017 4:05,0.9,"It was my great honor to join our wonderful Veterans at AMVETS Post 44 in Youngstown, Ohio this evening. A grateful nation salutes you! https://t.co/RxobYHP1oR",it,was,my,great,honor,to,join,our,wonderful,veterans,at,amvets,post,44,in,youngstown,ohio,this,evening,a,grateful,nation,salutes,you,http://...,,,,
890069204082151000,26/07/2017 4:40,0.325,People of Ohio are fantastic. Thank you so much. What an evening! https://t.co/KM0zoaULYH,people,of,ohio,are,fantastic,thank,you,so,much,what,an,evening,http://...,,,,,,,,,,,,,,,,
890162144884514000,26/07/2017 10:49,0.44,The crowd in Ohio was amazing last night - broke all records. We all had a great time in a great State. Will be back soon!,the,crowd,in,ohio,was,amazing,last,night,-,broke,all,records,we,all,had,a,great,time,in,a,great,state,will,be,back,soon,,,
890168183079960000,26/07/2017 11:13,-0.007638889,"Senator @lisamurkowski of the Great State of Alaska really let the Republicans, and our country, down yesterday. Too bad!",senator,@lisamurkowski,of,the,great,state,of,alaska,really,let,the,republicans,and,our,country,down,yesterday,too,bad,,,,,,,,,,
890193981585444000,26/07/2017 12:55,-0.1,"After consultation with my Generals and military experts, please be advised that the United States Government will not accept or allow......",after,consultation,with,my,generals,and,military,experts,please,be,advised,that,the,united,states,government,will,not,accept,or,allow,,,,,,,,
890196164313833000,26/07/2017 13:04,0.1,....Transgender individuals to  serve in any capacity in the U.S. Military. Our military must be focused on decisive and overwhelming.....,transgender,individuals,to,serve,in,any,capacity,in,the,us,military,our,military,must,be,focused,on,decisive,and,overwhelming,,,,,,,,,
890197095151546000,26/07/2017 13:08,0.077777778,....victory and cannot be burdened with the tremendous medical costs and disruption that transgender in the military would entail. Thank you,victory,and,cannot,be,burdened,with,the,tremendous,medical,costs,and,disruption,that,transgender,in,the,military,would,entail,thank,you,,,,,,,,
890207082926022000,26/07/2017 13:48,0,"Why didn't A.G. Sessions replace Acting FBI Director Andrew McCabe, a Comey friend who was in charge of Clinton investigation but got....",why,didnt,ag,sessions,replace,acting,fbi,director,andrew,mccabe,a,comey,friend,who,was,in,charge,of,clinton,investigation,but,got,,,,,,,
890208319566229000,26/07/2017 13:52,0,"...big dollars ($700,000) for his wife's political run from Hillary Clinton and her representatives. Drain the Swamp!",big,dollars,700000,for,his,wifes,political,run,from,hillary,clinton,and,her,representatives,drain,the,swamp,,,,,,,,,,,,
890260758050856000,26/07/2017 17:21,0,IN AMERICA WE DON'T WORSHIP GOVERNMENT - WE WORSHIP GOD!üé•https://t.co/jIejSgVnnA,in,america,we,dont,worship,government,-,we,worship,godüé•,http://...,,,,,,,,,,,,,,,,,,
890314337696579000,26/07/2017 20:54,0.716666667,Congratulations to Boys and Girls Nation. It was my great honor to welcome you to the WH today! Full Remarks: https://t.co/Pb5FTTOyWf https://t.co/U6tfV93dDG,congratulations,to,boys,and,girls,nation,it,was,my,great,honor,to,welcome,you,to,the,wh,today,full,remarks,http://...,http://...,,,,,,,
890361489126805000,27/07/2017 0:01,0.085227273,"Thank you Foxconn, for investing $10 BILLION DOLLARS with the potential for up to 13K new jobs in Wisconsin! MadeInTheUSAüá∫üá∏ https://t.co/jJghVeb63s",thank,you,foxconn,for,investing,10,billion,dollars,with,the,potential,for,up,to,13k,new,jobs,in,wisconsin,madeintheusaüá∫üá∏,http://...,,,,,,,,
890524387773997000,27/07/2017 10:48,0.3,"""Wow, the Failing @nytimes said about @foxandfriends """"....the most powerful T.V. show in America.""""""",wow,the,failing,@nytimes,said,about,@foxandfriends,the,most,powerful,tv,show,in,america,,,,,,,,,,,,,,,
890533442135502000,27/07/2017 11:24,-0.097222222,"Come on Republican Senators, you can do it on Healthcare. After 7 years, this is your chance to shine! Don't let the American people down!",come,on,republican,senators,you,can,do,it,on,healthcare,after,7,years,this,is,your,chance,to,shine,dont,let,the,american,people,down,,,,
890566339462672000,27/07/2017 13:35,-0.3,"""""""One of the things that has been lost in the politics of this situation is that the Russians collected and spread negative information.....""",one,of,the,things,that,has,been,lost,in,the,politics,of,this,situation,is,that,the,russians,collected,and,spread,negative,information,,,,,,
890568797941362000,27/07/2017 13:45,-0.625,"""...about then candidate Trump."""" Catherine Herridge @FoxNews. So why doesn't Fake News report this? Witch Hunt! Purposely phony reporting.""",about,then,candidate,trump,catherine,herridge,@foxnews,so,why,doesnt,fake,news,report,this,witch,hunt,purposely,phony,reporting,,,,,,,,,,
890642377131515000,27/07/2017 18:37,0.225,Big progress being made in ridding our country of MS-13 gang members and gang members in general. MAKE AMERICA SAFE AGAIN!,big,progress,being,made,in,ridding,our,country,of,ms-13,gang,members,and,gang,members,in,general,make,america,safe,again,,,,,,,,
890650237060120000,27/07/2017 19:08,0.193181818,Join me live as we recognize the first responders to the June 14th shooting involving @SteveScalise. #TeamScalise https://t.co/qOolNmB65d https://t.co/6OCn9JfMAG,join,me,live,as,we,recognize,the,first,responders,to,the,june,14th,shooting,involving,@stevescalise,#teamscalise,http://...,http://...,,,,,,,,,,
890687451156631000,27/07/2017 21:36,0.5,"Today, we gathered in the East Room to pay tribute to the HEROES whose courageous actions under fire saved so many lives in Alexandria, VA. https://t.co/it52TkLsye",today,we,gathered,in,the,east,room,to,pay,tribute,to,the,heroes,whose,courageous,actions,under,fire,saved,so,many,lives,in,alexandria,va,http://...,,,
890705628716466000,27/07/2017 22:49,0.2,It was my great HONOR to present our nation's highest award for a public safety officer - THE MEDAL OF VALOR to FIVE AMERICAN HEROES! https://t.co/j7ceXuBZ3f,it,was,my,great,honor,to,present,our,nations,highest,award,for,a,public,safety,officer,-,the,medal,of,valor,to,five,american,heroes,http://...,,,
890764622852173000,28/07/2017 2:43,1,"Go Republican Senators, Go! Get there after waiting for 7 years. Give America great healthcare!",go,republican,senators,go,get,there,after,waiting,for,7,years,give,america,great,healthcare,,,,,,,,,,,,,,
890820505330212000,28/07/2017 6:25,-0.097222222,"3 Republicans and 48 Democrats let the American people down. As I said from the beginning, let ObamaCare implode, then deal. Watch!",3,republicans,and,48,democrats,let,the,american,people,down,as,i,said,from,the,beginning,let,obamacare,implode,then,deal,watch,,,,,,,
890931465885798000,28/07/2017 13:46,0.4,"If Republicans are going to pass great future legislation in the Senate, they must immediately go to a 51 vote majority, not senseless 60...",if,republicans,are,going,to,pass,great,future,legislation,in,the,senate,they,must,immediately,go,to,a,51,vote,majority,not,senseless,60,,,,,
890935044474380000,28/07/2017 14:00,0.5,"...Even though parts of healthcare could pass at 51, some really good things need 60. So many great future bills &amp, budgets need 60 votes....",even,though,parts,of,healthcare,could,pass,at,51,some,really,good,things,need,60,so,many,great,future,bills,&,budgets,need,60,votes,,,,
890968428370153000,28/07/2017 16:13,0,"We will always ENFORCE our laws, PROTECT our borders, and SUPPORT our police! #LESMHarrisburg, Pennsylvania #FlashbackFriday #MS13 https://t.co/79Tskiv69j",we,will,always,enforce,our,laws,protect,our,borders,and,support,our,police,#lesmharrisburg,pennsylvania,#flashbackfriday,#ms13,http://...,,,,,,,,,,,
890971233159962000,28/07/2017 16:24,-0.05,Departing for Long Island now. An area under siege from #MS13 gang members. We will not rest until #MS13 is eradicated. #LESM https://t.co/GsgbBUXyHS,departing,for,long,island,now,an,area,under,siege,from,#ms13,gang,members,we,will,not,rest,until,#ms13,is,eradicated,#lesm,http://...,,,,,,
891038014314598000,28/07/2017 20:49,0.325,I am pleased to inform you that I have just named General/Secretary John F Kelly as White House Chief of Staff. He is a Great American....,i,am,pleased,to,inform,you,that,i,have,just,named,generalsecretary,john,f,kelly,as,white,house,chief,of,staff,he,is,a,great,american,,,
891039237319143000,28/07/2017 20:54,0.583333333,...and a Great Leader. John has also done a spectacular job at Homeland Security. He has been a true star of my Administration,and,a,great,leader,john,has,also,done,a,spectacular,job,at,homeland,security,he,has,been,a,TRUE,star,of,my,administration,,,,,,
891040645581873000,28/07/2017 21:00,0.6,I would like to thank Reince Priebus for his service and dedication to his country. We accomplished a lot together and I am proud of him!,i,would,like,to,thank,reince,priebus,for,his,service,and,dedication,to,his,country,we,accomplished,a,lot,together,and,i,am,proud,of,him,,,
891087485111087000,29/07/2017 0:06,0.15625,"We will defend our country, protect our communities and put the safety of the AMERICAN PEOPLE FIRST! Replay: https://t.co/dcZxPKOPZ9 https://t.co/0NGiIhGY18",we,will,defend,our,country,protect,our,communities,and,put,the,safety,of,the,american,people,first,replay,http://...,http://...,,,,,,,,,
891253798500487000,29/07/2017 11:07,0.052083333,"In other words, Russia was against Trump in the 2016 Election - and why not, I want strong military &amp, low oil prices. Witch Hunt! https://t.co/mMSxj4Su5z",in,other,words,russia,was,against,trump,in,the,2016,election,-,and,why,not,i,want,strong,military,&,low,oil,prices,witch,hunt,http://...,,,
891257113565163000,29/07/2017 11:20,0,"Republican Senate must get rid of 60 vote NOW! It is killing the R Party, allows 8 Dems to control country. 200 Bills sit in Senate. A JOKE!",republican,senate,must,get,rid,of,60,vote,now,it,is,killing,the,r,party,allows,8,dems,to,control,country,200,bills,sit,in,senate,a,joke,
891259245106278000,29/07/2017 11:28,0.24,"The very outdated filibuster rule must go. Budget reconciliation is killing R's in Senate. Mitch M, go to 51 Votes NOW and WIN. IT'S TIME!",the,very,outdated,filibuster,rule,must,go,budget,reconciliation,is,killing,rs,in,senate,mitch,m,go,to,51,votes,now,and,win,its,time,,,,
891260230876659000,29/07/2017 11:32,-0.4,Republicans in the Senate will NEVER win if they don't go to a 51 vote majority NOW. They look like fools and are just wasting time......,republicans,in,the,senate,will,never,win,if,they,dont,go,to,a,51,vote,majority,now,they,look,like,fools,and,are,just,wasting,time,,,
891261878005092000,29/07/2017 11:39,0.333571429,"....8 Dems totally control the U.S. Senate. Many great Republican bills will never pass, like Kate's Law and complete Healthcare. Get smart!",8,dems,totally,control,the,us,senate,many,great,republican,bills,will,never,pass,like,kates,law,and,complete,healthcare,get,smart,,,,,,,
891263843908947000,29/07/2017 11:47,0.3125,"If the Senate Democrats ever got the chance, they would switch to a 51 majority vote in first minute. They are laughing at R's. MAKE CHANGE!",if,the,senate,democrats,ever,got,the,chance,they,would,switch,to,a,51,majority,vote,in,first,minute,they,are,laughing,at,rs,make,change,,,
891332290474848000,29/07/2017 16:19,0.223484848,"""After seven years of """"talking"""" Repeal &amp, Replace, the people of our great country are still being forced to live with imploding ObamaCare!""",after,seven,years,of,talking,repeal,&,replace,the,people,of,our,great,country,are,still,being,forced,to,live,with,imploding,obamacare,,,,,,
891334415347060000,29/07/2017 16:27,0.23989899,"If a new HealthCare Bill is not approved quickly, BAILOUTS for Insurance Companies and BAILOUTS for Members of Congress will end very soon!",if,a,new,healthcare,bill,is,not,approved,quickly,bailouts,for,insurance,companies,and,bailouts,for,members,of,congress,will,end,very,soon,,,,,,
891343645529567000,29/07/2017 17:04,0,U.S. Stock Market up almost 20% since Election!,us,stock,market,up,almost,20,since,election,,,,,,,,,,,,,,,,,,,,,
891397134662193000,29/07/2017 20:36,-0.010416667,"Unless the Republican Senators are total quitters, Repeal &amp, Replace is not dead! Demand another vote before voting on any other bill!",unless,the,republican,senators,are,total,quitters,repeal,&,replace,is,not,dead,demand,another,vote,before,voting,on,any,other,bill,,,,,,,
891437168798965000,29/07/2017 23:15,0.16875,"""I love reading about all of the """"geniuses"""" who were so instrumental in my election success. Problem is, most don't exist. #Fake News! MAGA""",i,love,reading,about,all,of,the,geniuses,who,were,so,instrumental,in,my,election,success,problem,is,most,dont,exist,#fake,news,maga,,,,,
891440474132795000,29/07/2017 23:29,-0.6125,"I am very disappointed in China. Our foolish past leaders have allowed them to make hundreds of billions of dollars a year in trade, yet...",i,am,very,disappointed,in,china,our,foolish,past,leaders,have,allowed,them,to,make,hundreds,of,billions,of,dollars,a,year,in,trade,yet,,,,
891442016294494000,29/07/2017 23:35,0.541666667,"...they do NOTHING for us with North Korea, just talk. We will no longer allow this to continue. China could easily solve this problem!",they,do,nothing,for,us,with,north,korea,just,talk,we,will,no,longer,allow,this,to,continue,china,could,easily,solve,this,problem,,,,,
891623821702295000,30/07/2017 11:37,0.25,"Don't give up Republican Senators, the World is watching: Repeal &amp, Replace...and go to 51 votes (nuke option), get Cross State Lines &amp, more.",dont,give,up,republican,senators,the,world,is,watching,repeal,&,replaceand,go,to,51,votes,nuke,option,get,cross,state,lines,&,more,,,,,
891996053611917000,31/07/2017 12:16,0,"If ObamaCare is hurting people, &amp, it is, why shouldn't it hurt the insurance companies &amp, why should Congress not be paying what public pays?",if,obamacare,is,hurting,people,&,it,is,why,shouldnt,it,hurt,the,insurance,companies,&,why,should,congress,not,be,paying,what,public,pays,,,,
891998881009061000,31/07/2017 12:28,0.566666667,"Highest Stock Market EVER, best economic numbers in years, unemployment lowest in 17 years, wages raising, border secure, S.C.: No WH chaos!",highest,stock,market,ever,best,economic,numbers,in,years,unemployment,lowest,in,17,years,wages,raising,border,secure,sc,no,wh,chaos,,,,,,,
892147656319004000,31/07/2017 22:19,0.4,A great day at the White House!,a,great,day,at,the,white,house,,,,,,,,,,,,,,,,,,,,,,
