id,datetime,sentiment,text,tokens...,,,,,,,,,,,,,,,,,,,,,,,,,,,
859127705366921000,1/05/2017 19:29,0,"This month we celebrate the contributions of Asian Americans &amp, Pacific Islanders that enrich our Nation. https://t.co/rEJi9ahOaY",this,month,we,celebrate,the,contributions,of,asian,americans,&,pacific,islanders,that,enrich,our,nation,http://...,,,,,,,,,,,
859143061678501000,1/05/2017 20:30,0,"#ICYMI- On Saturday I signed two EO's to help keep jobs &amp, wealth in our country.EO1: https://t.co/XJggnJAiPi EO2:... https://t.co/2iEten4SVl",#icymi-,on,saturday,i,signed,two,eos,to,help,keep,jobs,&,wealth,in,our,countryeo1,http://...,eo2,http://...,,,,,,,,,
859209801175269000,2/05/2017 0:55,-0.625,"President Andrew Jackson, who died 16 years before the Civil War started, saw it coming and was angry. Would never have let it happen!",president,andrew,jackson,who,died,16,years,before,the,civil,war,started,saw,it,coming,and,was,angry,would,never,have,let,it,happen,,,,
859392449181093000,2/05/2017 13:01,0,The reason for the plan negotiated between the Republicans and Democrats is that we need 60 votes in the Senate which are not there! We....,the,reason,for,the,plan,negotiated,between,the,republicans,and,democrats,is,that,we,need,60,votes,in,the,senate,which,are,not,there,we,,,
859393829505552000,2/05/2017 13:07,0.4453125,"""either elect more Republican Senators in 2018 or change the rules now to 51%. Our country needs a good """"shutdown"""" in September to fix mess!""",either,elect,more,republican,senators,in,2018,or,change,the,rules,now,to,51,our,country,needs,a,good,shutdown,in,september,to,fix,mess,,,
859514893418082000,2/05/2017 21:08,1,"Congratulations to the winners of the Commander-in-Chief's Trophy, the great Air Force Falcons! Watch:... https://t.co/HyxxFCfaUh",congratulations,to,the,winners,of,the,commander-in-chiefs,trophy,the,great,air,force,falcons,watch,http://...,,,,,,,,,,,,,
859601184285491000,3/05/2017 2:51,0.25625,FBI Director Comey was the best thing that ever happened to Hillary Clinton in that he gave her a free pass for many bad deeds! The phony...,fbi,director,comey,was,the,best,thing,that,ever,happened,to,hillary,clinton,in,that,he,gave,her,a,free,pass,for,many,bad,deeds,the,phony,
859604996236742000,3/05/2017 3:06,0.375,...Trump/Russia story was an excuse used by the Democrats as justification for losing the election. Perhaps Trump just ran a great campaign?,trumprussia,story,was,an,excuse,used,by,the,democrats,as,justification,for,losing,the,election,perhaps,trump,just,ran,a,great,campaign,,,,,,
859874689442775000,3/05/2017 20:57,0,It was an honor to stop by a #SchoolChoice event hosted by @VP Pence and @usedgov Secretary @BetsyDeVosED at the... https://t.co/B8VxVsYNHA,it,was,an,honor,to,stop,by,a,#schoolchoice,event,hosted,by,@vp,pence,and,@usedgov,secretary,@betsydevosed,at,the,http://...,,,,,,,
859890737160302000,3/05/2017 10:01,0,An honor to host President Mahmoud Abbas at the WH today. Hopefully something terrific could come out it between th... https://t.co/eyHLFZbKhn,an,honor,to,host,president,mahmoud,abbas,at,the,wh,today,hopefully,something,terrific,could,come,out,it,between,th,http://...,,,,,,,
860081707315232000,4/05/2017 10:40,0,"Susan Rice, the former National Security Advisor to President Obama, is refusing to testify before a Senate Subcommittee next week on.....",susan,rice,the,former,national,security,advisor,to,president,obama,is,refusing,to,testify,before,a,senate,subcommittee,next,week,on,,,,,,,
860083874893897000,4/05/2017 10:49,-0.4375,...allegations of unmasking Trump transition officials. Not good!,allegations,of,unmasking,trump,transition,officials,not,good,,,,,,,,,,,,,,,,,,,,
860087334519414000,4/05/2017 11:02,-0.625,The Fake News media is officially out of control. They will do or say anything in order to get attention - never been a time like this!,the,fake,news,media,is,officially,out,of,control,they,will,do,or,say,anything,in,order,to,get,attention,-,never,been,a,time,like,this,
860088511202029000,4/05/2017 11:07,-0.25,Congratulations to @foxandfriends on its unbelievable ratings hike.,congratulations,to,@foxandfriends,on,its,unbelievable,ratings,hike,,,,,,,,,,,,,,,,,,,,
860108914624532000,4/05/2017 12:28,-0.1,"Death spiral!'Aetna will exit Obamacare markets in VA in 2018, citing expected losses on INDV plans this year'https://t.co/5YnzDitF8r",death,spiralaetna,will,exit,obamacare,markets,in,va,in,2018,citing,expected,losses,on,indv,plans,this,year,http://...,,,,,,,,,
860153543151542000,4/05/2017 15:26,0.246590909,"Beautiful evening with Religious Leaders here at the WH last night. Join us now for a #NationalDayofPrayer, LIVE:... https://t.co/b8j1tWZJuv",beautiful,evening,with,religious,leaders,here,at,the,wh,last,night,join,us,now,for,a,#nationaldayofprayer,live,http://...,,,,,,,,,
860188065758838000,4/05/2017 17:43,-0.155555556,"""I am watching the Democrats trying to defend the """"you can keep you doctor, you can keep your plan &amp, premiums will go down"""" ObamaCare lie.""""""",i,am,watching,the,democrats,trying,to,defend,the,you,can,keep,you,doctor,you,can,keep,your,plan,&,premiums,will,go,down,obamacare,lie,,
860191508619722000,4/05/2017 17:56,0.4,"Insurance companies are fleeing ObamaCare - it is dead. Our healthcare plan will lower premiums &amp, deductibles - and be great healthcare!",insurance,companies,are,fleeing,obamacare,-,it,is,dead,our,healthcare,plan,will,lower,premiums,&,deductibles,-,and,be,great,healthcare,,,,,,
860194183797243000,4/05/2017 18:07,0.3625,"If victorious, Republicans will be having a big press conference at the beautiful Rose Garden of the White House immediately after vote!",if,victorious,republicans,will,be,having,a,big,press,conference,at,the,beautiful,rose,garden,of,the,white,house,immediately,after,vote,,,,,,
860326946147840000,5/05/2017 2:55,0.9,"It was a GREAT day for the United States of America! This is a great plan that is a repeal &amp, replace of ObamaCare.... https://t.co/0TnmLn55Lm",it,was,a,great,day,for,the,united,states,of,america,this,is,a,great,plan,that,is,a,repeal,&,replace,of,obamacare,http://...,,,
860377543878348000,5/05/2017 6:16,0.8,"An honor to welcome PM of Australia, @TurnbullMalcolm to America &amp, join him in marking the 75th Anniversary of the... https://t.co/foMUec7EAE",an,honor,to,welcome,pm,of,australia,@turnbullmalcolm,to,america,&,join,him,in,marking,the,75th,anniversary,of,the,http://...,,,,,,,
860477328882905000,5/05/2017 12:52,0.571875,"Big win in the House - very exciting! But when everything comes together with the inclusion of Phase 2, we will have truly great healthcare!",big,win,in,the,house,-,very,exciting,but,when,everything,comes,together,with,the,inclusion,of,phase,2,we,will,have,truly,great,healthcare,,,
860479885566980000,5/05/2017 13:02,0,"Rather than causing a big disruption in N.Y.C., I will be working out of my home in Bedminster, N.J. this weekend. Also saves country money!",rather,than,causing,a,big,disruption,in,nyc,i,will,be,working,out,of,my,home,in,bedminster,nj,this,weekend,also,saves,country,money,,,
860573284462669000,5/05/2017 19:13,0.35,Of course the Australians have better healthcare than we do --everybody does. ObamaCare is dead! But our healthcare will soon be great.,of,course,the,australians,have,better,healthcare,than,we,do,#NAME?,does,obamacare,is,dead,but,our,healthcare,will,soon,be,great,,,,,,
860577873060651000,5/05/2017 19:32,0,"JOBS, JOBS, JOBS! https://t.co/UR0eetSEnO",jobs,jobs,jobs,http://...,,,,,,,,,,,,,,,,,,,,,,,,
860580764944969000,5/05/2017 19:43,0,#WeeklyAddressüá∫üá∏ https://t.co/4qckKpbtCR,#weeklyaddressüá∫üá∏,http://...,,,,,,,,,,,,,,,,,,,,,,,,,,
860635815277453000,5/05/2017 23:22,-0.191666667,"Wow,the Fake News media did everything in its power to make the Republican Healthcare victory look as bad as possible.Far better than Ocare!",wowthe,fake,news,media,did,everything,in,its,power,to,make,the,republican,healthcare,victory,look,as,bad,as,possiblefar,better,than,ocare,,,,,
860637673744195000,5/05/2017 23:29,-0.1125,Why is it that the Fake News rarely reports Ocare is on its last legs and that insurance companies are fleeing for their lives? It's dead!,why,is,it,that,the,fake,news,rarely,reports,ocare,is,on,its,last,legs,and,that,insurance,companies,are,fleeing,for,their,lives,its,dead,,
860638890570416000,5/05/2017 23:34,1,Great jobs report today - It is all beginning to work!,great,jobs,report,today,-,it,is,all,beginning,to,work,,,,,,,,,,,,,,,,,
860987464114110000,6/05/2017 22:39,0.241666667,"The reason I am staying in Bedminster, N. J., a beautiful community, is that staying in NYC is much more expensive and disruptive. Meetings!",the,reason,i,am,staying,in,bedminster,n,j,a,beautiful,community,is,that,staying,in,nyc,is,much,more,expensive,and,disruptive,meetings,,,,
861177649179373000,7/05/2017 11:15,-0.5,"When will the Fake Media ask about the Dems dealings with Russia &amp, why the DNC wouldn't allow the FBI to check their server or investigate?",when,will,the,fake,media,ask,about,the,dems,dealings,with,russia,&,why,the,dnc,wouldnt,allow,the,fbi,to,check,their,server,or,investigate,,
861201362834665000,7/05/2017 12:49,-0.148148148,Republican Senators will not let the American people down! ObamaCare premiums and deductibles are way up - it was a lie and it is dead!,republican,senators,will,not,let,the,american,people,down,obamacare,premiums,and,deductibles,are,way,up,-,it,was,a,lie,and,it,is,dead,,,
861300169438113000,7/05/2017 19:22,0.28125,Congratulations to Emmanuel Macron on his big win today as the next President of France. I look very much forward to working with him!,congratulations,to,emmanuel,macron,on,his,big,win,today,as,the,next,president,of,france,i,look,very,much,forward,to,working,with,him,,,,
861354654856249000,7/05/2017 22:58,0,Rexnord of Indiana made a deal during the Obama Administration to move to Mexico. Fired their employees. Tax product big that's sold in U.S.,rexnord,of,indiana,made,a,deal,during,the,obama,administration,to,move,to,mexico,fired,their,employees,tax,product,big,thats,sold,in,us,,,,
861544307043467000,8/05/2017 11:32,0.6,Congratulations to @PGA_JohnDaly on his big win yesterday. John is a great guy who never gave up - and now a winner again!,congratulations,to,@pgajohndaly,on,his,big,win,yesterday,john,is,a,great,guy,who,never,gave,up,-,and,now,a,winner,again,,,,,
861550676505219000,8/05/2017 11:57,-0.225,General Flynn was given the highest security clearance by the Obama Administration - but the Fake News seldom likes talking about that.,general,flynn,was,given,the,highest,security,clearance,by,the,obama,administration,-,but,the,fake,news,seldom,likes,talking,about,that,,,,,,
861554864542941000,8/05/2017 12:14,0,"Ask Sally Yates, under oath, if she knows how classified information got into the newspapers soon after she explained it to W.H. Council.",ask,sally,yates,under,oath,if,she,knows,how,classified,information,got,into,the,newspapers,soon,after,she,explained,it,to,wh,council,,,,,
861592420043157000,8/05/2017 14:43,0,"Ask Sally Yates, under oath, if she knows how classified information got into the newspapers soon after she explained it to W.H. Counsel.",ask,sally,yates,under,oath,if,she,knows,how,classified,information,got,into,the,newspapers,soon,after,she,explained,it,to,wh,counsel,,,,,
861637456281690000,8/05/2017 17:42,0.8,"Honored to welcome Georgia Prime Minister, Giorgi Kvirikashvili to the @WhiteHouse today with @VP Mike Pence.... https://t.co/ohXXgTNtWB",honored,to,welcome,georgia,prime,minister,giorgi,kvirikashvili,to,the,@whitehouse,today,with,@vp,mike,pence,http://...,,,,,,,,,,,
861712617299210000,8/05/2017 22:41,-0.5,"""Director Clapper reiterated what everybody, including the fake media already knows- there is """"no evidence"""" of collusion w/ Russia and Trump.""",director,clapper,reiterated,what,everybody,including,the,fake,media,already,knows-,there,is,no,evidence,of,collusion,w,russia,and,trump,,,,,,,
861713233786404000,8/05/2017 22:43,-0.325,Sally Yates made the fake media extremely unhappy today --- she said nothing but old news!,sally,yates,made,the,fake,media,extremely,unhappy,today,---,she,said,nothing,but,old,news,,,,,,,,,,,,
861713823505494000,8/05/2017 22:46,0,"The Russia-Trump collusion story is a total hoax, when will this taxpayer funded charade end?",the,russia-trump,collusion,story,is,a,total,hoax,when,will,this,taxpayer,funded,charade,end,,,,,,,,,,,,,
861715019674910000,8/05/2017 22:50,0,"Biggest story today between Clapper &amp, Yates is on surveillance. Why doesn't the media report on this? #FakeNews!",biggest,story,today,between,clapper,&,yates,is,on,surveillance,why,doesnt,the,media,report,on,this,#fakenews,,,,,,,,,,
861993986436866000,9/05/2017 17:19,0.4,"It was an honor to welcome the Teachers of the Year to the WH last month. Today, we honor and thank all teachers!... https://t.co/sAUJfIZCwR",it,was,an,honor,to,welcome,the,teachers,of,the,year,to,the,wh,last,month,today,we,honor,and,thank,all,teachers,http://...,,,,
862059314277748000,9/05/2017 21:38,0,"'Manufacturing openings, hires rise to highest levels of the recovery'https://t.co/txFZDYYIOe",manufacturing,openings,hires,rise,to,highest,levels,of,the,recovery,http://...,,,,,,,,,,,,,,,,,
862135824745467000,10/05/2017 2:42,0,"""Cryin' Chuck Schumer stated recently, """"I do not have confidence in him (James Comey) any longer."""" Then acts so indignant.  #draintheswamp""",cryin,chuck,schumer,stated,recently,i,do,not,have,confidence,in,him,james,comey,any,longer,then,acts,so,indignant,#draintheswamp,,,,,,,
862263649821503000,10/05/2017 11:10,-0.8125,"The Democrats have said some of the worst things about James Comey, including the fact that he should be fired, but now they play so sad!",the,democrats,have,said,some,of,the,worst,things,about,james,comey,including,the,fact,that,he,should,be,fired,but,now,they,play,so,sad,,
862265729718128000,10/05/2017 11:19,0.2,"James Comey will be replaced by someone who will do a far better job, bringing back the spirit and prestige of the FBI.",james,comey,will,be,replaced,by,someone,who,will,do,a,far,better,job,bringing,back,the,spirit,and,prestige,of,the,fbi,,,,,
862267781336752000,10/05/2017 11:27,0.052777778,"Comey lost the confidence of almost everyone in Washington, Republican and Democrat alike. When things calm down, they will be thanking me!",comey,lost,the,confidence,of,almost,everyone,in,washington,republican,and,democrat,alike,when,things,calm,down,they,will,be,thanking,me,,,,,,
862282202188566000,10/05/2017 12:24,0.45,"""Watching Senator Richard Blumenthal speak of Comey is a joke. """"Richie"""" devised one of the greatest military frauds in U.S. history. For....""",watching,senator,richard,blumenthal,speak,of,comey,is,a,joke,richie,devised,one,of,the,greatest,military,frauds,in,us,history,for,,,,,,
862283792559616000,10/05/2017 12:30,0.8,"years, as a pol in Connecticut, Blumenthal would talk of his great bravery and conquests in Vietnam - except he was never there. When....",years,as,a,pol,in,connecticut,blumenthal,would,talk,of,his,great,bravery,and,conquests,in,vietnam,-,except,he,was,never,there,when,,,,
862286091759611000,10/05/2017 12:39,0,"caught, he cried like a baby and begged for forgiveness...and now he is judge &amp, jury. He should be the one who is investigated for his acts.",caught,he,cried,like,a,baby,and,begged,for,forgivenessand,now,he,is,judge,&,jury,he,should,be,the,one,who,is,investigated,for,his,acts,
862290442129461000,10/05/2017 12:57,-0.316666667,The Roger Stone report on @CNN is false - Fake News. Have not spoken to Roger in a long time - had nothing to do with my decision.,the,roger,stone,report,on,@cnn,is,FALSE,-,fake,news,have,not,spoken,to,roger,in,a,long,time,-,had,nothing,to,do,with,my,decision
862387734492663000,10/05/2017 19:23,0,"Dems have been complaining for months &amp, months about Dir. Comey. Now that he has been fired they PRETEND to be aggrieved. Phony hypocrites!",dems,have,been,complaining,for,months,&,months,about,dir,comey,now,that,he,has,been,fired,they,pretend,to,be,aggrieved,phony,hypocrites,,,,
862460991451344000,11/05/2017 0:14,0,The Democrats should be ashamed. This is a disgrace!#DrainTheSwamp https://t.co/UfbKEECm2V,the,democrats,should,be,ashamed,this,is,a,disgrace,#draintheswamp,http://...,,,,,,,,,,,,,,,,,
862752672683839000,11/05/2017 19:34,0,'Presidential Executive Order on Strengthening the Cybersecurity of Federal Networks and Critical Infrastructure'... https://t.co/kQDBvXPekk,presidential,executive,order,on,strengthening,the,cybersecurity,of,federal,networks,and,critical,infrastructure,http://...,,,,,,,,,,,,,,
862753016193089000,11/05/2017 19:35,0,'Presidential Executive Order on the Establishment of Presidential Advisory Commission on Election Integrity'‚û°Ô∏è... https://t.co/kVG8r7qZS5,presidential,executive,order,on,the,establishment,of,presidential,advisory,commission,on,election,integrity‚û°Ô∏è,http://...,,,,,,,,,,,,,,
862758098892619000,11/05/2017 19:55,0,We finally agree on something Rosie. https://t.co/BSP5F3PgbZ,we,finally,agree,on,something,rosie,http://...,,,,,,,,,,,,,,,,,,,,,
862767872879325000,11/05/2017 20:34,-0.05,Russia must be laughing up their sleeves watching as the U.S. tears itself apart over a Democrat EXCUSE for losing the election.,russia,must,be,laughing,up,their,sleeves,watching,as,the,us,tears,itself,apart,over,a,democrat,excuse,for,losing,the,election,,,,,,
862788002594127000,11/05/2017 21:54,-0.041666667,"Yesterday, on the same day- I had meetings with Russian Foreign Minister Sergei Lavrov and the FM of Ukraine, Pavlo... https://t.co/hm4U54DCQO",yesterday,on,the,same,day-,i,had,meetings,with,russian,foreign,minister,sergei,lavrov,and,the,fm,of,ukraine,pavlo,http://...,,,,,,,
862998775731818000,12/05/2017 11:51,-0.025,"Again, the story that there was collusion between the Russians &amp, Trump campaign was fabricated by Dems as an excuse for losing the election.",again,the,story,that,there,was,collusion,between,the,russians,&,trump,campaign,was,fabricated,by,dems,as,an,excuse,for,losing,the,election,,,,
862999243560288000,12/05/2017 11:53,-0.625,The Fake Media is working overtime today!,the,fake,media,is,working,overtime,today,,,,,,,,,,,,,,,,,,,,,
863000553265270000,12/05/2017 11:59,0.275555556,"As a very active President with lots of things happening, it is not possible for my surrogates to stand at podium with perfect accuracy!....",as,a,very,active,president,with,lots,of,things,happening,it,is,not,possible,for,my,surrogates,to,stand,at,podium,with,perfect,accuracy,,,,
863002719400976000,12/05/2017 12:07,0.5,"""...Maybe the best thing to do would be to cancel all future """"press briefings"""" and hand out written responses for the sake of accuracy???""",maybe,the,best,thing,to,do,would,be,to,cancel,all,future,press,briefings,and,hand,out,written,responses,for,the,sake,of,accuracy,,,,
863007411132649000,12/05/2017 12:26,0.625,"""James Comey better hope that there are no """"tapes"""" of our conversations before he starts leaking to the press!""",james,comey,better,hope,that,there,are,no,tapes,of,our,conversations,before,he,starts,leaking,to,the,press,,,,,,,,,
863014620516233000,12/05/2017 12:54,0,"When James Clapper himself, and virtually everyone else with knowledge of the witch hunt, says there is no collusion, when does it end?",when,james,clapper,himself,and,virtually,everyone,else,with,knowledge,of,the,witch,hunt,says,there,is,no,collusion,when,does,it,end,,,,,
863020954427043000,12/05/2017 13:20,0.0625,"China just agreed that the U.S. will be allowed to sell beef, and other major products, into China once again. This is REAL news!",china,just,agreed,that,the,us,will,be,allowed,to,sell,beef,and,other,major,products,into,china,once,again,this,is,real,news,,,,
863139099825364000,12/05/2017 21:09,-0.1,"Today, @FLOTUS hosted a Military Mother's Day Event in the East Room of the WH. It was an honor to stop by, say hel... https://t.co/wNVB0PYoef",today,@flotus,hosted,a,military,mothers,day,event,in,the,east,room,of,the,wh,it,was,an,honor,to,stop,by,say,hel,http://...,,,
863140961114886000,12/05/2017 21:16,0.258333333,"Today, I welcomed the Victory Christian Center School. Good luck @ the Team America Rocketry Challenge! #TARC Watch... https://t.co/wFrRsK2wuo",today,i,welcomed,the,victory,christian,center,school,good,luck,@,the,team,america,rocketry,challenge,#tarc,watch,http://...,,,,,,,,,
863194069891031000,13/05/2017 0:47,0,#WeeklyAddressüá∫üá∏‚û°Ô∏èhttps://t.co/uT4K4fh88Y https://t.co/1iW7tVVNCH,#weeklyaddressüá∫üá∏‚û°Ô∏è,http://...,http://...,,,,,,,,,,,,,,,,,,,,,,,,,
863446552559398000,13/05/2017 5:31,0,We,we,,,,,,,,,,,,,,,,,,,,,,,,,,,
863452412459307000,13/05/2017 17:54,0.5,Will be interviewed by @JudgeJeanine on @FoxNews at 9:00 P.M. (Saturday night). Enjoy!,will,be,interviewed,by,@judgejeanine,on,@foxnews,at,900,pm,saturday,night,enjoy,,,,,,,,,,,,,,,
863468271668002000,13/05/2017 18:57,0.3,"I was thrilled to be back @LibertyU. Congratulations to the Class of 2017! This is your day, and you've earned it.... https://t.co/87RYOPwBiY",i,was,thrilled,to,be,back,@libertyu,congratulations,to,the,class,of,2017,this,is,your,day,and,youve,earned,it,http://...,,,,,,
863774341921742000,14/05/2017 15:13,0.866666667,Wishing @FLOTUS Melania and all of the great mothers out there a wonderful day ahead with family and friends! Happy #MothersDay,wishing,@flotus,melania,and,all,of,the,great,mothers,out,there,a,wonderful,day,ahead,with,family,and,friends,happy,#mothersday,,,,,,,
864207293289771000,15/05/2017 19:54,0,"Today, I delivered remarks at the 36th Annual National Peace Officers' Memorial Service. #NationalPoliceWeekWatch... https://t.co/3EioVDCTqb",today,i,delivered,remarks,at,the,36th,annual,national,peace,officers,memorial,service,#nationalpoliceweekwatch,http://...,,,,,,,,,,,,,
864296272844529000,16/05/2017 1:47,0,#PeaceOfficersMemorialDay and#PoliceWeek Proclamation: https://t.co/o4IXVfZuHw https://t.co/UMJ6hklx4a,#peaceofficersmemorialday,and,#policeweek,proclamation,http://...,http://...,,,,,,,,,,,,,,,,,,,,,,
864436162567471000,16/05/2017 11:03,0.161904762,"As President I wanted to share with Russia (at an openly scheduled W.H. meeting) which I have the absolute right to do, facts pertaining....",as,president,i,wanted,to,share,with,russia,at,an,openly,scheduled,wh,meeting,which,i,have,the,absolute,right,to,do,facts,pertaining,,,,
864438529472049000,16/05/2017 11:13,0.8,"...to terrorism and airline flight safety. Humanitarian reasons, plus I want Russia to greatly step up their fight against ISIS &amp, terrorism.",to,terrorism,and,airline,flight,safety,humanitarian,reasons,plus,i,want,russia,to,greatly,step,up,their,fight,against,isis,&,terrorism,,,,,,
864452996129853000,16/05/2017 12:10,0,"I have been asking Director Comey &amp, others, from the beginning of my administration, to find the LEAKERS in the intelligence community.....",i,have,been,asking,director,comey,&,others,from,the,beginning,of,my,administration,to,find,the,leakers,in,the,intelligence,community,,,,,,
864511331029921000,16/05/2017 16:02,0,'U.S. Industrial Production Surged in April' https://t.co/S0Z4SEIRhi,us,industrial,production,surged,in,april,http://...,,,,,,,,,,,,,,,,,,,,,
864565791076872000,16/05/2017 19:38,0.9,"It was a great honor to welcome the President of Turkey, Recep Tayyip Erdoƒüan, to the @WhiteHouse today! https://t.co/4BWjOCgnNv",it,was,a,great,honor,to,welcome,the,president,of,turkey,recep,tayyip,erdoƒüan,to,the,@whitehouse,today,http://...,,,,,,,,,
864942610191978000,17/05/2017 20:36,1,It was my great honor to deliver the #CGACommencement17 at the @USCGAcademy. CONGRATULATIONS to the Class of 2017!... https://t.co/ehQanQXiSy,it,was,my,great,honor,to,deliver,the,#cgacommencement17,at,the,@uscgacademy,congratulations,to,the,class,of,2017,http://...,,,,,,,,,
865169927644340000,18/05/2017 11:39,-0.361607143,"With all of the illegal acts that took place in the Clinton campaign &amp, Obama Administration, there was never a special councel appointed!",with,all,of,the,illegal,acts,that,took,place,in,the,clinton,campaign,&,obama,administration,there,was,never,a,special,councel,appointed,,,,,
865173176854204000,18/05/2017 11:52,0.30952381,This is the single greatest witch hunt of a politician in American history!,this,is,the,single,greatest,witch,hunt,of,a,politician,in,american,history,,,,,,,,,,,,,,,
865207118785372000,18/05/2017 14:07,-0.361607143,"With all of the illegal acts that took place in the Clinton campaign &amp, Obama Administration, there was never a special counsel appointed!",with,all,of,the,illegal,acts,that,took,place,in,the,clinton,campaign,&,obama,administration,there,was,never,a,special,counsel,appointed,,,,,
865337513245913000,18/05/2017 22:45,0.533333333,A great honor to welcome President Juan Manuel Santos of Colombia to the White House today!üá∫üá∏üá®üá¥Joint Press Conf‚û°Ô∏è... https://t.co/uWfiQEdsaY,a,great,honor,to,welcome,president,juan,manuel,santos,of,colombia,to,the,white,house,todayüá∫üá∏üá®üá¥joint,press,conf‚û°Ô∏è,http://...,,,,,,,,,
865387523371143000,19/05/2017 2:03,0,"""""""President Donald J. Trump Proclaims 5/14/2017 through 5/20/2017 as #PoliceWeek""""Proclamation‚û°Ô∏è... https://t.co/EcCsGaizWu""",president,donald,j,trump,proclaims,5142017,through,5202017,as,#policeweekproclamation‚û°Ô∏è,http://...,,,,,,,,,,,,,,,,,
865573793531478000,19/05/2017 14:24,0.101666667,Getting ready for my big foreign trip. Will be strongly protecting American interests - that's what I like to do!,getting,ready,for,my,big,foreign,trip,will,be,strongly,protecting,american,interests,-,thats,what,i,like,to,do,,,,,,,,
865692565454106000,19/05/2017 22:16,0,#WeeklyAddressüá∫üá∏‚û°Ô∏èhttps://t.co/UYEhgch4Hl https://t.co/HIQoFuc5cy,#weeklyaddressüá∫üá∏‚û°Ô∏è,http://...,http://...,,,,,,,,,,,,,,,,,,,,,,,,,
865865814099939000,20/05/2017 9:44,0.8,"Great to be in Riyadh, Saudi Arabia. Looking forward to the afternoon and evening ahead. #POTUSAbroad https://t.co/JJOra0KfyR",great,to,be,in,riyadh,saudi,arabia,looking,forward,to,the,afternoon,and,evening,ahead,#potusabroad,http://...,,,,,,,,,,,
865957909565366000,20/05/2017 15:50,0.575,"Thank you to the BRAVE servicemen &amp, women who have served, and continue to serve the United States- our true HEROES... https://t.co/ZTV9F639xM",thank,you,to,the,brave,servicemen,&,women,who,have,served,and,continue,to,serve,the,united,states-,our,TRUE,heroes,http://...,,,,,,
866334629036384000,21/05/2017 16:47,0,Speech transcript at Arab Islamic American Summit ‚û°Ô∏èhttps://t.co/eUWxJXJxbeReplay ‚û°Ô∏èhttps://t.co/VtmlSqciXx#RiyadhSummit #POTUSAbroad,speech,transcript,at,arab,islamic,american,summit,‚û°Ô∏è,http://...,‚û°Ô∏è,http://...,#riyadhsummit,#potusabroad,,,,,,,,,,,,,,,
866411249092902000,21/05/2017 21:51,0,#RiyadhSummit #POTUSAbroadüá∫üá∏ https://t.co/WdDEOiV6oS,#riyadhsummit,#potusabroadüá∫üá∏,http://...,,,,,,,,,,,,,,,,,,,,,,,,,
866749195297976000,22/05/2017 20:14,0,"Prime Minister @Netanyahu and @PresidentRuvi- on behalf of @FLOTUS Melania and myself, thank you for the invitation... https://t.co/Z5YCpaRV6t",prime,minister,@netanyahu,and,@presidentruvi-,on,behalf,of,@flotus,melania,and,myself,thank,you,for,the,invitation,http://...,,,,,,,,,,
866988278184116000,23/05/2017 12:04,0.2,We stand in absolute solidarity with the people of the United Kingdom. https://t.co/X6fUUxxYXE,we,stand,in,absolute,solidarity,with,the,people,of,the,united,kingdom,http://...,,,,,,,,,,,,,,,
867043258932875000,23/05/2017 15:43,0.6,"Thank you for such a wonderful and unforgettable visit, Prime Minister @Netanyahu and @PresidentRuvi.",thank,you,for,such,a,wonderful,and,unforgettable,visit,prime,minister,@netanyahu,and,@presidentruvi,,,,,,,,,,,,,,
867044286352809000,23/05/2017 15:47,0.169444444,"Israel, Saudi Arabia and the Middle East were great. Trying hard for PEACE. Doing well. Heading to Vatican &amp, Pope, then #G7 and #NATO.",israel,saudi,arabia,and,the,middle,east,were,great,trying,hard,for,peace,doing,well,heading,to,vatican,&,pope,then,#g7,and,#nato,,,,
867047119974170000,23/05/2017 15:58,0.205519481,All civilized nations must join together to protect human life and the sacred right of our citizens to live in safety and in peace.,all,civilized,nations,must,join,together,to,protect,human,life,and,the,sacred,right,of,our,citizens,to,live,in,safety,and,in,peace,,,,
867354520526872000,24/05/2017 12:20,0.5,Honor of a lifetime to meet His Holiness Pope Francis. I leave the Vatican more determined than ever to pursue PEAC... https://t.co/Jhe7SROaxD,honor,of,a,lifetime,to,meet,his,holiness,pope,francis,i,leave,the,vatican,more,determined,than,ever,to,pursue,peac,http://...,,,,,,
867473100434161000,24/05/2017 20:11,0.8,"Thank you for the warm welcome to Brussels, Belgium this afternoon! https://t.co/1AvYSameD4",thank,you,for,the,warm,welcome,to,brussels,belgium,this,afternoon,http://...,,,,,,,,,,,,,,,,
867801005018230000,25/05/2017 17:54,0,Today's ceremony is a day for both remembrance and resolve.#NATOMeeting #NATO https://t.co/YNZV3bTekB,todays,ceremony,is,a,day,for,both,remembrance,and,resolve,#natomeeting,#nato,http://...,,,,,,,,,,,,,,,
867834190078906000,25/05/2017 20:06,0.65,"Thank you for your support. Together, we will MAKE AMERICA SAFE AND GREAT AGAIN!#POTUSAbroad #USAüá∫üá∏ https://t.co/42vCwr5GkA",thank,you,for,your,support,together,we,will,make,america,safe,and,great,again,#potusabroad,#usaüá∫üá∏,http://...,,,,,,,,,,,
867874154497937000,25/05/2017 22:44,0,Just arrived in Taormina with @FLOTUS Melania. #G7Summit #USAüá∫üá∏ https://t.co/l7aXolKBiK,just,arrived,in,taormina,with,@flotus,melania,#g7summit,#usaüá∫üá∏,http://...,,,,,,,,,,,,,,,,,,
868047480847568000,26/05/2017 10:13,0.7375,Just arrived in Italy for the G7. Trip has been very successful. We made and saved the USA many billions of dollars and millions of jobs.,just,arrived,in,italy,for,the,g7,trip,has,been,very,successful,we,made,and,saved,the,usa,many,billions,of,dollars,and,millions,of,jobs,,
868047612301148000,26/05/2017 10:14,0.3,"Getting ready to engage G7 leaders on many issues including economic growth, terrorism, and security.",getting,ready,to,engage,g7,leaders,on,many,issues,including,economic,growth,terrorism,and,security,,,,,,,,,,,,,
868201805934678000,26/05/2017 20:26,0,"Terrorists are engaged in a war against civilization- it is up to all who value life to confront &amp, defeat this evil‚û°Ô∏èhttps://t.co/haeuvCIF6I",terrorists,are,engaged,in,a,war,against,civilization-,it,is,up,to,all,who,value,life,to,confront,&,defeat,this,evil‚û°Ô∏è,http://...,,,,,
868205058743250000,26/05/2017 20:39,1,"On behalf of @FLOTUS Melania and myself, thank you for a wonderful dinner and evening, President Sergio Mattarella.... https://t.co/EhvWgjkRrY",on,behalf,of,@flotus,melania,and,myself,thank,you,for,a,wonderful,dinner,and,evening,president,sergio,mattarella,http://...,,,,,,,,,
868406076995235000,27/05/2017 9:58,0.256666667,"Big G7 meetings today. Lots of very important matters under discussion. First on the list, of course, is terrorism. #G7Taormina",big,g7,meetings,today,lots,of,very,important,matters,under,discussion,first,on,the,list,of,course,is,terrorism,#g7taormina,,,,,,,,
868407229380268000,27/05/2017 10:03,0.266666667,"Many NATO countries have agreed to step up payments considerably, as they should. Money is beginning to pour in- NATO will be much stronger.",many,nato,countries,have,agreed,to,step,up,payments,considerably,as,they,should,money,is,beginning,to,pour,in-,nato,will,be,much,stronger,,,,
868441116726710000,27/05/2017 12:17,0,I will make my final decision on the Paris Accord next week!,i,will,make,my,final,decision,on,the,paris,accord,next,week,,,,,,,,,,,,,,,,
868501243823575000,27/05/2017 16:16,0.266666667,"Just left the #G7Summit. Had great meetings on everything, especially on trade where....",just,left,the,#g7summit,had,great,meetings,on,everything,especially,on,trade,where,,,,,,,,,,,,,,,
868501423566315000,27/05/2017 16:17,0,"""....""""we push for the removal of all trade-distorting practices....to foster a truly level playing field.""""""",we,push,for,the,removal,of,all,trade-distorting,practicesto,foster,a,truly,level,playing,field,,,,,,,,,,,,,
868502563347451000,27/05/2017 16:22,0.054166667,I look forward to reading the @CommerceGov 232 analysis of steel and aluminum- to be released in June. Will take major action if necessary.,i,look,forward,to,reading,the,@commercegov,232,analysis,of,steel,and,aluminum-,to,be,released,in,june,will,take,major,action,if,necessary,,,,
868517059407335000,27/05/2017 17:19,-0.130208333,"Bringing hundreds of billions of dollars back to the U.S.A. from the Middle East - which will mean JOBS, JOBS, JOBS!",bringing,hundreds,of,billions,of,dollars,back,to,the,usa,from,the,middle,east,-,which,will,mean,jobs,jobs,jobs,,,,,,,
868798339671830000,28/05/2017 11:57,0.25,"Just arrived in Italy after having a very successful NATO meeting in Brussels. Told other nations they must pay more, not fair to  U.S.",just,arrived,in,italy,after,having,a,very,successful,nato,meeting,in,brussels,told,other,nations,they,must,pay,more,not,fair,to,us,,,,
868798339676086000,28/05/2017 11:57,0.5,Big win in Montana for Republicans! We,big,win,in,montana,for,republicans,we,,,,,,,,,,,,,,,,,,,,,
868799536420065000,28/05/2017 12:02,0.5,Big win in Montana for Republicans!,big,win,in,montana,for,republicans,,,,,,,,,,,,,,,,,,,,,,
868801710038372000,28/05/2017 12:10,0.202083333,Just returned from Europe. Trip was a great success for America. Hard work but big results!,just,returned,from,europe,trip,was,a,great,success,for,america,hard,work,but,big,results,,,,,,,,,,,,
868807327130025000,28/05/2017 12:33,0.166666667,It is my opinion that many of the leaks coming out of the White House are fabricated lies made up by the #FakeNews media.,it,is,my,opinion,that,many,of,the,leaks,coming,out,of,the,white,house,are,fabricated,lies,made,up,by,the,#fakenews,media,,,,
868807754231820000,28/05/2017 12:34,-0.5,"Whenever you see the words 'sources say' in the fake news media, and they don't mention names....",whenever,you,see,the,words,sources,say,in,the,fake,news,media,and,they,dont,mention,names,,,,,,,,,,,
868807940744126000,28/05/2017 12:35,-0.3125,....it is very possible that those sources don't exsist but are made up by fake news writers. #FakeNews is the enemy!,it,is,very,possible,that,those,sources,dont,exsist,but,are,made,up,by,fake,news,writers,#fakenews,is,the,enemy,,,,,,,
868809214365487000,28/05/2017 12:40,-0.225,"Does anyone notice how the Montana Congressional race was such a big deal to Dems &amp, Fake News until the Republican won? V was poorly covered",does,anyone,notice,how,the,montana,congressional,race,was,such,a,big,deal,to,dems,&,fake,news,until,the,republican,won,v,was,poorly,covered,,
868810404335673000,28/05/2017 12:45,-0.3125,....it is very possible that those sources don't exist but are made up by fake news writers. #FakeNews is the enemy!,it,is,very,possible,that,those,sources,dont,exist,but,are,made,up,by,fake,news,writers,#fakenews,is,the,enemy,,,,,,,
868810522942164000,28/05/2017 12:45,-0.225,"Does anyone notice how the Montana Congressional race was such a big deal to Dems &amp, Fake News until the Republican won? V was poorly covered",does,anyone,notice,how,the,montana,congressional,race,was,such,a,big,deal,to,dems,&,fake,news,until,the,republican,won,v,was,poorly,covered,,
868840252227674000,28/05/2017 14:43,-0.070833333,British Prime Minister May was very angry that the info the U.K. gave to U.S. about Manchester was leaked. Gave me full details!,british,prime,minister,may,was,very,angry,that,the,info,the,uk,gave,to,us,about,manchester,was,leaked,gave,me,full,details,,,,,
868979531641741000,28/05/2017 23:57,0.48125,I suggest that we add more dollars to Healthcare and make it the best anywhere. ObamaCare is dead - the Republicans will do much better!,i,suggest,that,we,add,more,dollars,to,healthcare,and,make,it,the,best,anywhere,obamacare,is,dead,-,the,republicans,will,do,much,better,,,
868981969664843000,29/05/2017 0:07,0.05,"The massive TAX CUTS/REFORM that I have submitted is moving along in the process very well, actually ahead of schedule. Big benefits to all!",the,massive,tax,cutsreform,that,i,have,submitted,is,moving,along,in,the,process,very,well,actually,ahead,of,schedule,big,benefits,to,all,,,,
868985285207629000,29/05/2017 0:20,-0.127083333,"The Fake News Media works hard at disparaging &amp, demeaning my use of social media because they don't want America to hear the real story!",the,fake,news,media,works,hard,at,disparaging,&,demeaning,my,use,of,social,media,because,they,dont,want,america,to,hear,the,real,story,,,
869164414662049000,29/05/2017 12:11,0.4,"Honoring the men and women who made the ultimate sacrifice in service to America. Home of the free, because of the brave. #MemorialDayüá∫üá∏",honoring,the,men,and,women,who,made,the,ultimate,sacrifice,in,service,to,america,home,of,the,free,because,of,the,brave,#memorialdayüá∫üá∏,,,,,
869166145894535000,29/05/2017 12:18,0.217708333,"North Korea has shown great disrespect for their neighbor, China, by shooting off yet another ballistic missile...but China is trying hard!",north,korea,has,shown,great,disrespect,for,their,neighbor,china,by,shooting,off,yet,another,ballistic,missilebut,china,is,trying,hard,,,,,,,
869170351049240000,29/05/2017 12:35,0,"Today we remember the men and women who made the ultimate sacrifice in serving. Thank you, God bless your families &amp, God bless the USA!",today,we,remember,the,men,and,women,who,made,the,ultimate,sacrifice,in,serving,thank,you,god,bless,your,families,&,god,bless,the,usa,,,
869170615881793000,29/05/2017 12:36,0.4,I look forward to paying my respects to our brave men and women on this Memorial Day at Arlington National Cemetery later this morning.,i,look,forward,to,paying,my,respects,to,our,brave,men,and,women,on,this,memorial,day,at,arlington,national,cemetery,later,this,morning,,,,
869503804307275000,30/05/2017 10:40,-0.215333333,"We have a MASSIVE trade deficit with Germany, plus they pay FAR LESS than they should on NATO &amp, military. Very bad for U.S. This will change",we,have,a,massive,trade,deficit,with,germany,plus,they,pay,far,less,than,they,should,on,nato,&,military,very,bad,for,us,this,will,change,
869509894688387000,30/05/2017 11:04,-0.2625,"Russian officials must be laughing at the U.S. &amp, how a lame excuse for why the Dems lost the election has taken over the Fake News.",russian,officials,must,be,laughing,at,the,us,&,how,a,lame,excuse,for,why,the,dems,lost,the,election,has,taken,over,the,fake,news,,
869553853750013000,30/05/2017 13:59,0.370833333,"The U.S. Senate should switch to 51 votes, immediately, and get Healthcare and TAX CUTS approved, fast and easy. Dems would do it, no doubt!",the,us,senate,should,switch,to,51,votes,immediately,and,get,healthcare,and,tax,cuts,approved,fast,and,easy,dems,would,do,it,no,doubt,,,
869766994899468000,31/05/2017 4:06,-0.15,Despite the constant negative press covfefe,despite,the,constant,negative,press,covfefe,,,,,,,,,,,,,,,,,,,,,,
869858333477523000,31/05/2017 10:09,0.425,"""Who can figure out the true meaning of """"covfefe"""" ???  Enjoy!""",who,can,figure,out,the,TRUE,meaning,of,covfefe,,enjoy,,,,,,,,,,,,,,,,,
869865463584620000,31/05/2017 10:37,0,"So now it is reported that the Democrats, who have excoriated Carter Page about Russia, don't want him to testify. He blows away their....",so,now,it,is,reported,that,the,democrats,who,have,excoriated,carter,page,about,russia,dont,want,him,to,testify,he,blows,away,their,,,,
869867413776601000,31/05/2017 10:45,-0.066666667,"""...case against him &amp, now wants to clear his name by showing """"the false or misleading testimony by James Comey, John Brennan..."""" Witch Hunt!""",case,against,him,&,now,wants,to,clear,his,name,by,showing,the,FALSE,or,misleading,testimony,by,james,comey,john,brennan,witch,hunt,,,,
869874798087819000,31/05/2017 11:14,-0.271130952,"Kathy Griffin should be ashamed of herself. My children, especially my 11 year old son, Barron, are having a hard time with this. Sick!",kathy,griffin,should,be,ashamed,of,herself,my,children,especially,my,11,year,old,son,barron,are,having,a,hard,time,with,this,sick,,,,
869902591005741000,31/05/2017 13:05,0.38989899,"Hopefully Republican Senators, good people all, can quickly get together and pass a new (repeal &amp, replace) HEALTHCARE bill. Add saved $'s.",hopefully,republican,senators,good,people,all,can,quickly,get,together,and,pass,a,new,repeal,&,replace,healthcare,bill,add,saved,s,,,,,,
869903459511918000,31/05/2017 13:08,0.266666667,I will be announcing my decision on the Paris Accord over the next few days. MAKE AMERICA GREAT AGAIN!,i,will,be,announcing,my,decision,on,the,paris,accord,over,the,next,few,days,make,america,great,again,,,,,,,,,
870008165827575000,31/05/2017 20:04,0.318181818,"We traveled the world to strengthen long-standing alliances, and to form new partnerships. See more at:... https://t.co/FT4kyPoAl0",we,traveled,the,world,to,strengthen,long-standing,alliances,and,to,form,new,partnerships,see,more,at,http://...,,,,,,,,,,,
870035383458963000,31/05/2017 21:52,0.8,"It was an honor to welcome the Prime Minister of Vietnam, Nguy·ªÖn Xu√¢n Ph√∫c to the @WhiteHouse this afternoon. https://t.co/6YbrIvJUCY",it,was,an,honor,to,welcome,the,prime,minister,of,vietnam,nguy·ªÖn,xu√¢n,ph√∫c,to,the,@whitehouse,this,afternoon,http://...,,,,,,,,
