id,datetime,sentiment,text,tokens...,,,,,,,,,,,,,,,,,,,,,,,,,,,,,,,,,,,,,,,,,,,,,,,,,,,,,
925533433597775000,1/11/2017 1:22,-0.197222222,The Republican House members are working hard (and late) toward the Massive Tax Cuts that they know you deserve. These will be biggest ever!,the,republican,house,members,are,working,hard,and,late,toward,the,massive,tax,cuts,that,they,know,you,deserve,these,will,be,biggest,ever,,,,,,,,,,,,,,,,,,,,,,,,,,,,,,
925534445393928000,1/11/2017 1:26,0.131944444,"I have just ordered Homeland Security to step up our already Extreme Vetting Program. Being politically correct is fine, but not for this!",i,have,just,ordered,homeland,security,to,step,up,our,already,extreme,vetting,program,being,politically,correct,is,fine,but,not,for,this,,,,,,,,,,,,,,,,,,,,,,,,,,,,,,,
925684982307348000,1/11/2017 11:24,0,"""The terrorist came into our country through what is called the """"Diversity Visa Lottery Program,"""" a Chuck Schumer beauty. I want merit based.""",the,terrorist,came,into,our,country,through,what,is,called,the,diversity,visa,lottery,program,a,chuck,schumer,beauty,i,want,merit,based,,,,,,,,,,,,,,,,,,,,,,,,,,,,,,,
925686558304464000,1/11/2017 11:30,-0.113888889,"We are fighting hard for Merit Based immigration, no more Democrat Lottery Systems. We must get MUCH tougher (and smarter).  @foxandfriends",we,are,fighting,hard,for,merit,based,immigration,no,more,democrat,lottery,systems,we,must,get,much,tougher,and,smarter,@foxandfriends,,,,,,,,,,,,,,,,,,,,,,,,,,,,,,,,,
925688931823300000,1/11/2017 11:40,0,"""""""Senator Chuck Schumer helping to import Europes problems"""" said Col.Tony Shaffer. We will stop this craziness!  @foxandfriends""",senator,chuck,schumer,helping,to,import,europes,problems,said,coltony,shaffer,we,will,stop,this,craziness,@foxandfriends,,,,,,,,,,,,,,,,,,,,,,,,,,,,,,,,,,,,,
925716689064427000,1/11/2017 13:30,0,#NYCStrong #USAüá∫üá∏ https://t.co/6K3Xw5P87d,#nycstrong,#usaüá∫üá∏,http://...,,,,,,,,,,,,,,,,,,,,,,,,,,,,,,,,,,,,,,,,,,,,,,,,,,,
925739132579729000,1/11/2017 14:59,0.0375,Wouldn't it be great to Repeal the very unfair and unpopular Individual Mandate in ObamaCare and use those savings for further Tax Cuts.....,wouldnt,it,be,great,to,repeal,the,very,unfair,and,unpopular,individual,mandate,in,obamacare,and,use,those,savings,for,further,tax,cuts,,,,,,,,,,,,,,,,,,,,,,,,,,,,,,,
925740081805217000,1/11/2017 15:03,0,....for the Middle Class. The House and Senate should consider ASAP as the process of final approval moves along. Push Biggest Tax Cuts EVER,for,the,middle,class,the,house,and,senate,should,consider,asap,as,the,process,of,final,approval,moves,along,push,biggest,tax,cuts,ever,,,,,,,,,,,,,,,,,,,,,,,,,,,,,,
925806343855984000,1/11/2017 19:26,0.1,We mourn the horrifying terrorist attack in NYC. All of America is praying and grieving for the families who lost their precious loved ones. https://t.co/WZFHXoJE3K,we,mourn,the,horrifying,terrorist,attack,in,nyc,all,of,america,is,praying,and,grieving,for,the,families,who,lost,their,precious,loved,ones,http://...,,,,,,,,,,,,,,,,,,,,,,,,,,,,,
925818295462322000,1/11/2017 20:14,0,Just spoke with @NYGovCuomo and @NYCMayor de Blasio to let them know that the federal government...,just,spoke,with,@nygovcuomo,and,@nycmayor,de,blasio,to,let,them,know,that,the,federal,government,,,,,,,,,,,,,,,,,,,,,,,,,,,,,,,,,,,,,,
925818338172915000,1/11/2017 20:14,0,@NYGovCuomo @NYCMayor ...fully supports any and all of their efforts with respect to the West Side attack. #NYCStrong,@nygovcuomo,@nycmayor,fully,supports,any,and,all,of,their,efforts,with,respect,to,the,west,side,attack,#nycstrong,,,,,,,,,,,,,,,,,,,,,,,,,,,,,,,,,,,,
925833462426292000,1/11/2017 21:14,0.04375,"Thank you to the GREAT NYPD, First Responders and all govt officials for having handled the terrible West Side attack so professionally! https://t.co/imPIdOzjAn",thank,you,to,the,great,nypd,first,responders,and,all,govt,officials,for,having,handled,the,terrible,west,side,attack,so,professionally,http://...,,,,,,,,,,,,,,,,,,,,,,,,,,,,,,,
925845735089889000,1/11/2017 22:03,0.2,Thanks to @SenateMajLdr McConnell and the @SenateGOP we are appointing high-quality Federal District...,thanks,to,@senatemajldr,mcconnell,and,the,@senategop,we,are,appointing,high-quality,federal,district,,,,,,,,,,,,,,,,,,,,,,,,,,,,,,,,,,,,,,,,,
925845770724618000,1/11/2017 22:03,0.625,@SenateMajLdr @SenateGOP ...and Appeals Court Judges at a record clip! Our courts are rapidly changing for the better!,@senatemajldr,@senategop,and,appeals,court,judges,at,a,record,clip,our,courts,are,rapidly,changing,for,the,better,,,,,,,,,,,,,,,,,,,,,,,,,,,,,,,,,,,,
925860866767163000,1/11/2017 23:03,-0.4,"CHAIN MIGRATION must end now! Some people come in, and they bring their whole family with them, who can be truly evil. NOT ACCEPTABLE! https://t.co/PQGeTTdRtX",chain,migration,must,end,now,some,people,come,in,and,they,bring,their,whole,family,with,them,who,can,be,truly,evil,not,acceptable,http://...,,,,,,,,,,,,,,,,,,,,,,,,,,,,,
925907651350941000,2/11/2017 2:09,0.516666667,Just spoke to President Macri of Argentina about the five proud and wonderful men killed in the West Side terror attack. God be with them!,just,spoke,to,president,macri,of,argentina,about,the,five,proud,and,wonderful,men,killed,in,the,west,side,terror,attack,god,be,with,them,,,,,,,,,,,,,,,,,,,,,,,,,,,,,
925910265060831000,2/11/2017 2:19,0.129166667,The United States will be immediately implementing much tougher Extreme Vetting Procedures. The safety of our citizens comes first!,the,united,states,will,be,immediately,implementing,much,tougher,extreme,vetting,procedures,the,safety,of,our,citizens,comes,first,,,,,,,,,,,,,,,,,,,,,,,,,,,,,,,,,,,
925913030159937000,2/11/2017 2:30,0.419444444,It is finally happening for our great clean coal miners! https://t.co/suAnjs6Ccz,it,is,finally,happening,for,our,great,clean,coal,miners,http://...,,,,,,,,,,,,,,,,,,,,,,,,,,,,,,,,,,,,,,,,,,,
925916863401480000,2/11/2017 2:45,0.9,"Happy birthday to @garyplayer, a truly great Champion and Person!",happy,birthday,to,@garyplayer,a,truly,great,champion,and,person,,,,,,,,,,,,,,,,,,,,,,,,,,,,,,,,,,,,,,,,,,,,
925925920304779000,2/11/2017 3:21,0.645454545,"Great mtg w/ @Cabinet today. Tomorrow, I will be announcing the new head of the Fed. I think you will be extremely impressed by this person! https://t.co/5ASJVLGAiG",great,mtg,w,@cabinet,today,tomorrow,i,will,be,announcing,the,new,head,of,the,fed,i,think,you,will,be,extremely,impressed,by,this,person,http://...,,,,,,,,,,,,,,,,,,,,,,,,,,,
925931294705545000,2/11/2017 3:43,-0.091666667,"NYC terrorist was happy as he asked to hang ISIS flag in his hospital room. He killed 8 people, badly injured 12. SHOULD GET DEATH PENALTY!",nyc,terrorist,was,happy,as,he,asked,to,hang,isis,flag,in,his,hospital,room,he,killed,8,people,badly,injured,12,should,get,death,penalty,,,,,,,,,,,,,,,,,,,,,,,,,,,,
926053970535243000,2/11/2017 11:50,0.35,Would love to send the NYC terrorist to Guantanamo but statistically that process takes much longer than going through the Federal system...,would,love,to,send,the,nyc,terrorist,to,guantanamo,but,statistically,that,process,takes,much,longer,than,going,through,the,federal,system,,,,,,,,,,,,,,,,,,,,,,,,,,,,,,,,
926054936718307000,2/11/2017 11:54,-0.083333333,...There is also something appropriate about keeping him in the home of the horrible crime he committed. Should move fast. DEATH PENALTY!,there,is,also,something,appropriate,about,keeping,him,in,the,home,of,the,horrible,crime,he,committed,should,move,fast,death,penalty,,,,,,,,,,,,,,,,,,,,,,,,,,,,,,,,
926139726129704000,2/11/2017 17:31,0,"Congratulations to the Houston @Astros, 2017 #WorldSeries Champions‚öæÔ∏è#HoustonStrong #EarnHistory https://t.co/BP7OEzdhFi",congratulations,to,the,houston,@astros,2017,#worldseries,champions‚öæÔ∏è,#houstonstrong,#earnhistory,http://...,,,,,,,,,,,,,,,,,,,,,,,,,,,,,,,,,,,,,,,,,,,
926155393490878000,2/11/2017 18:33,0.375,I am calling on Congress to TERMINATE the diversity visa lottery program that presents significant vulnerabilities to our national security. https://t.co/tW4wOlI4vu,i,am,calling,on,congress,to,terminate,the,diversity,visa,lottery,program,that,presents,significant,vulnerabilities,to,our,national,security,http://...,,,,,,,,,,,,,,,,,,,,,,,,,,,,,,,,,
926157911151214000,2/11/2017 18:43,0.625,Congress must end chain migration so that we can have a system that is SECURITY BASED! We need to make AMERICA SAFE! #USAüá∫üá∏ https://t.co/d7L1YW5iVY,congress,must,end,chain,migration,so,that,we,can,have,a,system,that,is,security,based,we,need,to,make,america,safe,#usaüá∫üá∏,http://...,,,,,,,,,,,,,,,,,,,,,,,,,,,,,,
926176823117074000,2/11/2017 19:58,0.466666667,"Today, we are thrilled to welcome @Broadcom CEO Hock Tan to the WH to announce he is moving their HQ‚Äôs from Singapore back to the U.S.A..... https://t.co/WrqUXBndyZ",today,we,are,thrilled,to,welcome,@broadcom,ceo,hock,tan,to,the,wh,to,announce,he,is,moving,their,hqs,from,singapore,back,to,the,usa,http://...,,,,,,,,,,,,,,,,,,,,,,,,,,,
926185468911382000,2/11/2017 20:33,0,"Broadcom's move to America=$20 BILLION of annual rev into U.S.A., $3+ BILLION/yr. in research/engineering &amp, $6 BILLION/yr. in manufacturing. https://t.co/NsJ4PtVTtl",broadcoms,move,to,america20,billion,of,annual,rev,into,usa,3,billionyr,in,researchengineering,&,6,billionyr,in,manufacturing,http://...,,,,,,,,,,,,,,,,,,,,,,,,,,,,,,,,,,
926216279287042000,2/11/2017 22:35,0.4,"Today, it was my pleasure and great honor to announce my nomination of Jerome Powell to be the next Chairman of the @FederalReserve. https://t.co/6aDuRy3zws",today,it,was,my,pleasure,and,great,honor,to,announce,my,nomination,of,jerome,powell,to,be,the,next,chairman,of,the,@federalreserve,http://...,,,,,,,,,,,,,,,,,,,,,,,,,,,,,,
926238774773862000,3/11/2017 0:05,0.53015873,"Great Tax Cut rollout today. The lobbyists are storming Capital Hill, but the Republicans will hold strong and do what is right for America!",great,tax,cut,rollout,today,the,lobbyists,are,storming,capital,hill,but,the,republicans,will,hold,strong,and,do,what,is,right,for,america,,,,,,,,,,,,,,,,,,,,,,,,,,,,,,
926247543801044000,3/11/2017 0:39,-0.033333333,Donna Brazile just stated the DNC RIGGED the system to illegally steal the Primary from Bernie Sanders. Bought and paid for by Crooked H....,donna,brazile,just,stated,the,dnc,rigged,the,system,to,illegally,steal,the,primary,from,bernie,sanders,bought,and,paid,for,by,crooked,h,,,,,,,,,,,,,,,,,,,,,,,,,,,,,,
926249604936556000,3/11/2017 0:48,0.13125,....This is real collusion and dishonesty. Major violation of Campaign Finance Laws and Money Laundering - where is our Justice Department?,this,is,real,collusion,and,dishonesty,major,violation,of,campaign,finance,laws,and,money,laundering,-,where,is,our,justice,department,,,,,,,,,,,,,,,,,,,,,,,,,,,,,,,,,
926259330474704000,3/11/2017 1:26,0.0875,The @TuckerCarlson opening statement about our once cherished and great FBI was so sad to watch. James Comey's leadership was a disaster!,the,@tuckercarlson,opening,statement,about,our,once,cherished,and,great,fbi,was,so,sad,to,watch,james,comeys,leadership,was,a,disaster,,,,,,,,,,,,,,,,,,,,,,,,,,,,,,,,
926260114146889000,3/11/2017 1:29,0.5,I will be interviewed by @IngrahamAngle on @FoxNews at 10:00. Enjoy!,i,will,be,interviewed,by,@ingrahamangle,on,@foxnews,at,1000,enjoy,,,,,,,,,,,,,,,,,,,,,,,,,,,,,,,,,,,,,,,,,,,
926401530013642000,3/11/2017 10:51,-0.077777778,My Twitter account was taken down for 11 minutes by a rogue employee. I guess the word must finally be getting out-and having an impact.,my,twitter,account,was,taken,down,for,11,minutes,by,a,rogue,employee,i,guess,the,word,must,finally,be,getting,out-and,having,an,impact,,,,,,,,,,,,,,,,,,,,,,,,,,,,,
926403023861141000,3/11/2017 10:57,0,"Everybody is asking why the Justice Department (and FBI) isn't looking into all of the dishonesty going on with Crooked Hillary &amp, the Dems..",everybody,is,asking,why,the,justice,department,and,fbi,isnt,looking,into,all,of,the,dishonesty,going,on,with,crooked,hillary,&,the,dems,,,,,,,,,,,,,,,,,,,,,,,,,,,,,,
926404584456773000,3/11/2017 11:03,0.4,"...New Donna B book says she paid for and stole the Dem Primary. What about the deleted E-mails, Uranium, Podesta, the Server, plus, plus...",new,donna,b,book,says,she,paid,for,and,stole,the,dem,primary,what,about,the,deleted,e-mails,uranium,podesta,the,server,plus,plus,,,,,,,,,,,,,,,,,,,,,,,,,,,,,,
926406490763784000,3/11/2017 11:11,-0.042857143,"....People are angry.  At some point the Justice Department, and the FBI, must do what is right and proper. The American public deserves it!",people,are,angry,at,some,point,the,justice,department,and,the,fbi,must,do,what,is,right,and,proper,the,american,public,deserves,it,,,,,,,,,,,,,,,,,,,,,,,,,,,,,,
926415703476928000,3/11/2017 11:48,-0.002727273,"The real story on Collusion is in Donna B's new book. Crooked Hillary bought the DNC &amp, then stole the Democratic Primary from Crazy Bernie!",the,real,story,on,collusion,is,in,donna,bs,new,book,crooked,hillary,bought,the,dnc,&,then,stole,the,democratic,primary,from,crazy,bernie,,,,,,,,,,,,,,,,,,,,,,,,,,,,,
926417546038923000,3/11/2017 11:55,0.5,"Pocahontas just stated that the Democrats, lead by the legendary Crooked Hillary Clinton, rigged the Primaries! Lets go FBI &amp, Justice Dept.",pocahontas,just,stated,that,the,democrats,lead,by,the,legendary,crooked,hillary,clinton,rigged,the,primaries,lets,go,fbi,&,justice,dept,,,,,,,,,,,,,,,,,,,,,,,,,,,,,,,,
926419647708258000,3/11/2017 12:03,0.033333333,"""ISIS just claimed the Degenerate Animal who killed, and so badly wounded, the wonderful people on the West Side, was """"their soldier."""" .....""",isis,just,claimed,the,degenerate,animal,who,killed,and,so,badly,wounded,the,wonderful,people,on,the,west,side,was,their,soldier,,,,,,,,,,,,,,,,,,,,,,,,,,,,,,,,
926421589159182000,3/11/2017 12:11,-0.05,"""...Based on that, the Military has hit ISIS """"much harder"""" over the last two days. They will pay a big price for every attack on us!""",based,on,that,the,military,has,hit,isis,much,harder,over,the,last,two,days,they,will,pay,a,big,price,for,every,attack,on,us,,,,,,,,,,,,,,,,,,,,,,,,,,,,
926456069047582000,3/11/2017 14:28,0.196428571,Bernie Sanders supporters have every right to be apoplectic of the complete theft of the Dem primary by Crooked Hillary!,bernie,sanders,supporters,have,every,right,to,be,apoplectic,of,the,complete,theft,of,the,dem,primary,by,crooked,hillary,,,,,,,,,,,,,,,,,,,,,,,,,,,,,,,,,,
926456409260285000,3/11/2017 14:29,0.261904762,"I always felt I would be running and winning against Bernie Sanders, not Crooked H, without cheating, I was right.",i,always,felt,i,would,be,running,and,winning,against,bernie,sanders,not,crooked,h,without,cheating,i,was,right,,,,,,,,,,,,,,,,,,,,,,,,,,,,,,,,,,
926460439000698000,3/11/2017 14:45,-0.194444444,"Just took off for ceremony @ Pearl Harbor. Will then be heading to Japan, SKorea, China, Vietnam &amp, the Philippines. Will never let you down!",just,took,off,for,ceremony,@,pearl,harbor,will,then,be,heading,to,japan,skorea,china,vietnam,&,the,philippines,will,never,let,you,down,,,,,,,,,,,,,,,,,,,,,,,,,,,,,
926481563214376000,3/11/2017 16:09,-0.025,"The rigged Dem Primary, one of the biggest political stories in years, got ZERO coverage on Fake News Network TV last night. Disgraceful!",the,rigged,dem,primary,one,of,the,biggest,political,stories,in,years,got,zero,coverage,on,fake,news,network,tv,last,night,disgraceful,,,,,,,,,,,,,,,,,,,,,,,,,,,,,,,
926484660946862000,3/11/2017 16:22,0,"JOBS, JOBS, JOBS! https://t.co/twUNktGbnb",jobs,jobs,jobs,http://...,,,,,,,,,,,,,,,,,,,,,,,,,,,,,,,,,,,,,,,,,,,,,,,,,,
926492915626663000,3/11/2017 16:54,0,The decision on Sergeant Bergdahl is a complete and total disgrace to our Country and to our Military.,the,decision,on,sergeant,bergdahl,is,a,complete,and,total,disgrace,to,our,country,and,to,our,military,,,,,,,,,,,,,,,,,,,,,,,,,,,,,,,,,,,,
926580912036466000,3/11/2017 22:44,0.466666667,Getting ready to land in Hawaii. Looking so much forward to meeting with our great Military/Veterans at Pearl Harbor!,getting,ready,to,land,in,hawaii,looking,so,much,forward,to,meeting,with,our,great,militaryveterans,at,pearl,harbor,,,,,,,,,,,,,,,,,,,,,,,,,,,,,,,,,,,
926647019455766000,4/11/2017 3:07,0.6125,Thank you for such a beautiful welcome Hawaii. My great honor to visit @PacificCommand upon arrival. Heading to Pearl Harbor w/ @FLOTUS now. https://t.co/6gDME9cmnS,thank,you,for,such,a,beautiful,welcome,hawaii,my,great,honor,to,visit,@pacificcommand,upon,arrival,heading,to,pearl,harbor,w,@flotus,now,http://...,,,,,,,,,,,,,,,,,,,,,,,,,,,,,,
926707692395102000,4/11/2017 7:08,0.8,Thank you to our GREAT Military/Veterans and @PacificCommand.Remember #PearlHarbor. Remember the @USSArizona!A day I‚Äôll never forget. https://t.co/CMkB0kTkSc,thank,you,to,our,great,militaryveterans,and,@pacificcommandremember,#pearlharbor,remember,the,@ussarizonaa,day,ill,never,forget,http://...,,,,,,,,,,,,,,,,,,,,,,,,,,,,,,,,,,,,,
926789876556500000,4/11/2017 12:35,-0.00959596,"Unemployment is down to 4.1%, lowest in 17 years. 1.5 million new jobs created since I took office. Highest stock Market ever, up $5.4 trill",unemployment,is,down,to,41,lowest,in,17,years,15,million,new,jobs,created,since,i,took,office,highest,stock,market,ever,up,54,trill,,,,,,,,,,,,,,,,,,,,,,,,,,,,,
926793510723796000,4/11/2017 12:49,0.298787879,Would very much appreciate Saudi Arabia doing their IPO of Aramco with the New York Stock Exchange. Important to the United States!,would,very,much,appreciate,saudi,arabia,doing,their,ipo,of,aramco,with,the,new,york,stock,exchange,important,to,the,united,states,,,,,,,,,,,,,,,,,,,,,,,,,,,,,,,,
926973117708296000,5/11/2017 0:43,0.225,I am landing shortly. Can‚Äôt wait to be with our GREAT MILITARY. See you soon! https://t.co/AVLrrOxmm4,i,am,landing,shortly,cant,wait,to,be,with,our,great,military,see,you,soon,http://...,,,,,,,,,,,,,,,,,,,,,,,,,,,,,,,,,,,,,,
927007332743172000,5/11/2017 2:59,0,"Just gave a speech to the great men and women at Yokota Air Base in Tokyo, Japan. Leaving to see Prime Minister Abe. https://t.co/6LRAgojvDB",just,gave,a,speech,to,the,great,men,and,women,at,yokota,air,base,in,tokyo,japan,leaving,to,see,prime,minister,abe,http://...,,,,,,,,,,,,,,,,,,,,,,,,,,,,,,
927059219370643000,5/11/2017 6:25,1,"Playing golf with Prime Minister Abe and Hideki Matsuyama, two wonderful people! https://t.co/vYLULe0o2K",playing,golf,with,prime,minister,abe,and,hideki,matsuyama,two,wonderful,people,http://...,,,,,,,,,,,,,,,,,,,,,,,,,,,,,,,,,,,,,,,,,
927075137131896000,5/11/2017 7:28,0.183333333,It was a true honor to be at Yokota Air Base with our GREAT @USForcesJapan! https://t.co/KEXnIkkQks,it,was,a,TRUE,honor,to,be,at,yokota,air,base,with,our,great,@usforcesjapan,http://...,,,,,,,,,,,,,,,,,,,,,,,,,,,,,,,,,,,,,,
927077305876434000,5/11/2017 7:37,0.566666667,Heading into the 12 days with great negotiating strength because of our tremendous economy. https://t.co/4HnXkR3EhW,heading,into,the,12,days,with,great,negotiating,strength,because,of,our,tremendous,economy,http://...,,,,,,,,,,,,,,,,,,,,,,,,,,,,,,,,,,,,,,,
927265906086031000,5/11/2017 20:06,0,"May God be w/ the people of Sutherland Springs, Texas. The FBI &amp, law enforcement are on the scene. I am monitoring the situation from Japan.",may,god,be,w,the,people,of,sutherland,springs,texas,the,fbi,&,law,enforcement,are,on,the,scene,i,am,monitoring,the,situation,from,japan,,,,,,,,,,,,,,,,,,,,,,,,,,,,
927397233741492000,6/11/2017 4:48,0.716666667,"...Americans do what we do best: we pull together. We join hands. We lock arms and through the tears and the sadness, we stand strong... https://t.co/qkCPgtKGkA",americans,do,what,we,do,best,we,pull,together,we,join,hands,we,lock,arms,and,through,the,tears,and,the,sadness,we,stand,strong,http://...,,,,,,,,,,,,,,,,,,,,,,,,,,,,
927523335956848000,6/11/2017 13:09,0,#USAüá∫üá∏ #JapanüáØüáµ https://t.co/EvxFqAVnFS,#usaüá∫üá∏,#japanüáØüáµ,http://...,,,,,,,,,,,,,,,,,,,,,,,,,,,,,,,,,,,,,,,,,,,,,,,,,,,
927644826006425000,6/11/2017 21:12,-0.5,"The state of Virginia economy, under Democrat rule, has been terrible. If you vote Ed Gillespie tomorrow, it will come roaring back!",the,state,of,virginia,economy,under,democrat,rule,has,been,terrible,if,you,vote,ed,gillespie,tomorrow,it,will,come,roaring,back,,,,,,,,,,,,,,,,,,,,,,,,,,,,,,,,
927645648685551000,6/11/2017 21:15,0.29375,"My visit to Japan and friendship with PM Abe will yield many benefits, for our great Country. Massive military &amp, energy orders happening+++!",my,visit,to,japan,and,friendship,with,pm,abe,will,yield,many,benefits,for,our,great,country,massive,military,&,energy,orders,happening,,,,,,,,,,,,,,,,,,,,,,,,,,,,,,,
927648870796070000,6/11/2017 21:28,0.360416667,"Getting ready to leave for South Korea and meetings with President Moon, a fine gentleman. We will figure it all out!",getting,ready,to,leave,for,south,korea,and,meetings,with,president,moon,a,fine,gentleman,we,will,figure,it,all,out,,,,,,,,,,,,,,,,,,,,,,,,,,,,,,,,,
927672843504177000,6/11/2017 23:03,0.525,"I have great confidence in King Salman and the Crown Prince of Saudi Arabia, they know exactly what they are doing....",i,have,great,confidence,in,king,salman,and,the,crown,prince,of,saudi,arabia,they,know,exactly,what,they,are,doing,,,,,,,,,,,,,,,,,,,,,,,,,,,,,,,,,
927673257230327000,6/11/2017 23:05,-0.25,....Some of those they are harshly treating have been ‚Äúmilking‚Äù their country for years!,some,of,those,they,are,harshly,treating,have,been,milking,their,country,for,years,,,,,,,,,,,,,,,,,,,,,,,,,,,,,,,,,,,,,,,,
927802776737984000,7/11/2017 7:39,0.85,"It was my great honor to have lunch with our INCREDIBLE U.S. and ROK troops at Camp Humphreys, in South Korea. üá∫üá∏üá∞üá∑ https://t.co/5NJirz4iNM https://t.co/kNLyONhBCC",it,was,my,great,honor,to,have,lunch,with,our,incredible,us,and,rok,troops,at,camp,humphreys,in,south,korea,üá∫üá∏üá∞üá∑,http://...,http://...,,,,,,,,,,,,,,,,,,,,,,,,,,,,,,
927844454957850000,7/11/2017 10:25,0.85,Thank you to President Moon of South Korea for the beautiful welcoming ceremony. It will always be remembered. https://t.co/bMvJz1iV2a,thank,you,to,president,moon,of,south,korea,for,the,beautiful,welcoming,ceremony,it,will,always,be,remembered,http://...,,,,,,,,,,,,,,,,,,,,,,,,,,,,,,,,,,,
927847349648609000,7/11/2017 10:37,0.48,Stock market hit yet another all-time record high yesterday. There is great confidence in the moves that my Administration....,stock,market,hit,yet,another,all-time,record,high,yesterday,there,is,great,confidence,in,the,moves,that,my,administration,,,,,,,,,,,,,,,,,,,,,,,,,,,,,,,,,,,
927847471321141000,7/11/2017 10:37,-0.189583333,"....is making. Working very hard on TAX CUTS for the middle class, companies and jobs!",is,making,working,very,hard,on,tax,cuts,for,the,middle,class,companies,and,jobs,,,,,,,,,,,,,,,,,,,,,,,,,,,,,,,,,,,,,,,
927851387857367000,7/11/2017 10:53,0.016666667,"Ralph Northam will allow crime to be rampant in Virginia. He‚Äôs weak on crime, weak on our GREAT VETS, Anti-Second Amendment....",ralph,northam,will,allow,crime,to,be,rampant,in,virginia,hes,weak,on,crime,weak,on,our,great,vets,anti-second,amendment,,,,,,,,,,,,,,,,,,,,,,,,,,,,,,,,,
927851452185407000,7/11/2017 10:53,-1,....and has been horrible on Virginia economy. Vote @EdWGillespie today!,and,has,been,horrible,on,virginia,economy,vote,@edwgillespie,today,,,,,,,,,,,,,,,,,,,,,,,,,,,,,,,,,,,,,,,,,,,,
927852358209622000,7/11/2017 10:56,0.0025,".@EdWGillespie will totally turn around the high crime and poor economic performance of VA. MS-13 and crime will be gone. Vote today, ASAP!",@edwgillespie,will,totally,turn,around,the,high,crime,and,poor,economic,performance,of,va,ms-13,and,crime,will,be,gone,vote,today,asap,,,,,,,,,,,,,,,,,,,,,,,,,,,,,,,
927906208203276000,7/11/2017 14:30,0.6,"Franklin, such a great photo. HAPPY 99th BIRTHDAY to your father, @BillyGraham! https://t.co/l0c7RvvOa1",franklin,such,a,great,photo,happy,99th,birthday,to,your,father,@billygraham,http://...,,,,,,,,,,,,,,,,,,,,,,,,,,,,,,,,,,,,,,,,,
928016742575738000,7/11/2017 21:50,0,"Thank you to all Americans who participated in Nat'l Rx Drug Take Back Day. A record amount of drugs collected &amp, disposed. We can do this!",thank,you,to,all,americans,who,participated,in,natl,rx,drug,take,back,day,a,record,amount,of,drugs,collected,&,disposed,we,can,do,this,,,,,,,,,,,,,,,,,,,,,,,,,,,,
928064591665467000,8/11/2017 1:00,0.2645,"Getting ready to make a major speech to the National Assembly here in South Korea, then will be headed to China where I very much look forward to meeting with President Xi who is just off his great political victory.",getting,ready,to,make,a,major,speech,to,the,national,assembly,here,in,south,korea,then,will,be,headed,to,china,where,i,very,much,look,forward,to,meeting,with,president,xi,who,is,just,off,his,great,political,victory,,,,,,,,,,,,,,
928074747316928000,8/11/2017 1:40,0.169444444,"Ed Gillespie worked hard but did not embrace me or what I stand for. Don‚Äôt forget, Republicans won 4 out of 4 House seats, and with the economy doing record numbers, we will continue to win, even bigger than before!",ed,gillespie,worked,hard,but,did,not,embrace,me,or,what,i,stand,for,dont,forget,republicans,won,4,out,of,4,house,seats,and,with,the,economy,doing,record,numbers,we,will,continue,to,win,even,bigger,than,before,,,,,,,,,,,,,,
928083235040579000,8/11/2017 2:14,0.136363636,Join me LIVE in South Koreaüá∫üá∏üá∞üá∑#NationalAssembly #POTUSinAsia ‚û°Ô∏èhttps://t.co/M3iEhPdkas https://t.co/hSxdtd2UnY,join,me,live,in,south,koreaüá∫üá∏üá∞üá∑,#nationalassembly,#potusinasia,‚û°Ô∏è,http://...,http://...,,,,,,,,,,,,,,,,,,,,,,,,,,,,,,,,,,,,,,,,,,,
928097146993369000,8/11/2017 3:09,0.064285714,"The U.S., under my administration, is completely rebuilding its military, and they're spending hundreds of billions of dollars to the newest and finest military equipment anywhere in the world, being built right now. I want peace through strength! https://t.co/2YXkIvRIFi",the,us,under,my,administration,is,completely,rebuilding,its,military,and,theyre,spending,hundreds,of,billions,of,dollars,to,the,newest,and,finest,military,equipment,anywhere,in,the,world,being,built,right,now,i,want,peace,through,strength,http://...,,,,,,,,,,,,,,,
928097817037627000,8/11/2017 3:12,-0.4,"The North Korean regime has pursued its nuclear &amp, ballistic missile programs in defiance of every assurance, agreement, &amp, commmitment it has made to the U.S. and its allies. It's broken all of those commitments... https://t.co/xJ4jUpA8d8",the,north,korean,regime,has,pursued,its,nuclear,&,ballistic,missile,programs,in,defiance,of,every,assurance,agreement,&,commmitment,it,has,made,to,the,us,and,its,allies,its,broken,all,of,those,commitments,http://...,,,,,,,,,,,,,,,,,,
928098389966942000,8/11/2017 3:14,0,Anyone who doubts the strength or determination of the U.S. should look to our past....and you will doubt it no longer. https://t.co/zyuYc0fIH6,anyone,who,doubts,the,strength,or,determination,of,the,us,should,look,to,our,pastand,you,will,doubt,it,no,longer,http://...,,,,,,,,,,,,,,,,,,,,,,,,,,,,,,,,
928105793366392000,8/11/2017 3:43,0.5125,"Together, we dream of a Korea that is free, a peninsula that is safe, and families that are reunited once again! https://t.co/9tsZRCC83j",together,we,dream,of,a,korea,that,is,free,a,peninsula,that,is,safe,and,families,that,are,reunited,once,again,http://...,,,,,,,,,,,,,,,,,,,,,,,,,,,,,,,,
928124338343202000,8/11/2017 4:57,0.325,Leaving South Korea now heading to China. Looking very much forward to meeting and being with President Xi!,leaving,south,korea,now,heading,to,china,looking,very,much,forward,to,meeting,and,being,with,president,xi,,,,,,,,,,,,,,,,,,,,,,,,,,,,,,,,,,,,
928267692645036000,8/11/2017 14:27,1,"On behalf of @FLOTUS Melania and I, THANK YOU for an unforgettable¬†afternoon and evening¬†at the¬†Forbidden City in Beijing, President Xi and Madame Peng Liyuan. We are looking forward to rejoining you tomorrow morning! https://t.co/ma0F7SHbVU",on,behalf,of,@flotus,melania,and,i,thank,you,for,an,unforgettable,afternoon,and,evening,at,the,forbidden,city,in,beijing,president,xi,and,madame,peng,liyuan,we,are,looking,forward,to,rejoining,you,tomorrow,morning,http://...,,,,,,,,,,,,,,,,,
928279728125108000,8/11/2017 15:15,-0.25,NoKo has interpreted America's past restraint as weakness. This would be a fatal miscalculation. Do not underestimate us. AND DO NOT TRY US. https://t.co/4llqLrNpK3,noko,has,interpreted,americas,past,restraint,as,weakness,this,would,be,a,fatal,miscalculation,do,not,underestimate,us,and,do,not,try,us,http://...,,,,,,,,,,,,,,,,,,,,,,,,,,,,,,
928286153672970000,8/11/2017 15:40,0.733333333,Looking forward to a full day of meetings with President Xi and our delegations tomorrow. THANK YOU for the beautiful welcome China! @FLOTUS Melania and I will never forget it! https://t.co/sQoUWIGAiQ,looking,forward,to,a,full,day,of,meetings,with,president,xi,and,our,delegations,tomorrow,thank,you,for,the,beautiful,welcome,china,@flotus,melania,and,i,will,never,forget,it,http://...,,,,,,,,,,,,,,,,,,,,,,,
928325667556548000,8/11/2017 18:17,0,Congratulations to all of the ‚ÄùDEPLORABLES‚Äù and the millions of people who gave us a MASSIVE (304-227) Electoral College landslide victory! https://t.co/7ifv5gT7Ur,congratulations,to,all,of,the,deplorables,and,the,millions,of,people,who,gave,us,a,massive,304-227,electoral,college,landslide,victory,http://...,,,,,,,,,,,,,,,,,,,,,,,,,,,,,,,,
928519663780208000,9/11/2017 7:08,0.64,"President Xi, thank you for such an incredible welcome ceremony. It was a truly memorable and impressive display! üì∏https://t.co/J9x51h1LBe https://t.co/g4Z7mO5cV9",president,xi,thank,you,for,such,an,incredible,welcome,ceremony,it,was,a,truly,memorable,and,impressive,display,üì∏,http://...,http://...,,,,,,,,,,,,,,,,,,,,,,,,,,,,,,,,,
928622838487007000,9/11/2017 13:58,0,In the coming months and years ahead I look forward to building an even STRONGER relationship between the United States and China. üá∫üá∏üá®üá≥ https://t.co/mK3SB7t3EV,in,the,coming,months,and,years,ahead,i,look,forward,to,building,an,even,stronger,relationship,between,the,united,states,and,china,üá∫üá∏üá®üá≥,http://...,,,,,,,,,,,,,,,,,,,,,,,,,,,,,,
928769154345324000,9/11/2017 23:39,-0.125,"I don‚Äôt blame China, I blame the incompetence of past Admins for allowing China to take advantage of the U.S. on trade leading up to a point where the U.S. is losing $100's of billions. How can you blame China for taking advantage of people that had no clue? I would've done same!",i,dont,blame,china,i,blame,the,incompetence,of,past,admins,for,allowing,china,to,take,advantage,of,the,us,on,trade,leading,up,to,a,point,where,the,us,is,losing,100s,of,billions,how,can,you,blame,china,for,taking,advantage,of,people,that,had,no,clue,i,wouldve,done,same,
928770248370728000,9/11/2017 23:44,0.298666667,My meetings with President Xi Jinping were very productive on both trade and the subject of North Korea. He is a highly respected and powerful representative of his people. It was great being with him and Madame Peng Liyuan!,my,meetings,with,president,xi,jinping,were,very,productive,on,both,trade,and,the,subject,of,north,korea,he,is,a,highly,respected,and,powerful,representative,of,his,people,it,was,great,being,with,him,and,madame,peng,liyuan,,,,,,,,,,,,,,,
928793643367960000,10/11/2017 1:17,0.333333333,"I am leaving China for #APEC2017 in Vietnam. @FLOTUS Melania is staying behind to see the zoo, and of course, the Great WALL of China before going to Alaska to greet our AMAZING troops.",i,am,leaving,china,for,#apec2017,in,vietnam,@flotus,melania,is,staying,behind,to,see,the,zoo,and,of,course,the,great,wall,of,china,before,going,to,alaska,to,greet,our,amazing,troops,,,,,,,,,,,,,,,,,,,,
928861178113040000,10/11/2017 5:45,0,"Just landed in Da Nang, Vietnam to deliver a speech at #APEC2017",just,landed,in,da,nang,vietnam,to,deliver,a,speech,at,#apec2017,,,,,,,,,,,,,,,,,,,,,,,,,,,,,,,,,,,,,,,,,,
928918183104225000,10/11/2017 9:32,0.266666667,"Throughout my travels, I've had the pleasure of sharing the good news from America. I've had the honor of sharing our vision for a free &amp, open Indo-Pacific -- a place where sovereign &amp, independent nations, w/diverse cultures &amp, many different dreams, can all prosper side-by-side. https://t.co/qBOCY3u7YV",throughout,my,travels,ive,had,the,pleasure,of,sharing,the,good,news,from,america,ive,had,the,honor,of,sharing,our,vision,for,a,free,&,open,indo-pacific,--,a,place,where,sovereign,&,independent,nations,wdiverse,cultures,&,many,different,dreams,can,all,prosper,side-by-side,http://...,,,,,,,
928922787938385000,10/11/2017 9:50,0.3,"In more and more places throughout this region, citizens of SOVEREIGN and INDEPENDENT nations have taken greater control of their destinies, and unlocked the potential of their people. #APEC2017 https://t.co/a570IIGe0I",in,more,and,more,places,throughout,this,region,citizens,of,sovereign,and,independent,nations,have,taken,greater,control,of,their,destinies,and,unlocked,the,potential,of,their,people,#apec2017,http://...,,,,,,,,,,,,,,,,,,,,,,,,
928926863375794000,10/11/2017 10:06,0,"Today I am here to offer a renewed partnership with America -- to work together to strengthen the bonds of friendship and commerce between all of the nations of the Indo-Pacific, and together, to promote our prosperity and security. #APEC2017 https://t.co/gN2YbS9CYB",today,i,am,here,to,offer,a,renewed,partnership,with,america,--,to,work,together,to,strengthen,the,bonds,of,friendship,and,commerce,between,all,of,the,nations,of,the,indo-pacific,and,together,to,promote,our,prosperity,and,security,#apec2017,http://...,,,,,,,,,,,,,
928931835664465000,10/11/2017 10:26,0,The United States is prepared to work with each of the leaders in this room today to achieve mutually beneficial commerce that is in the interests of both your countries and mine. That is the message I am here to deliver today. #APEC2017 https://t.co/CM3Hqt16A8,the,united,states,is,prepared,to,work,with,each,of,the,leaders,in,this,room,today,to,achieve,mutually,beneficial,commerce,that,is,in,the,interests,of,both,your,countries,and,mine,that,is,the,message,i,am,here,to,deliver,today,#apec2017,http://...,,,,,,,,,,
928933135806488000,10/11/2017 10:31,0.1,The United States has been reminded time and again in recent years that economic security is not merely RELATED to national security -economic security IS national security. It is vital to our national strength. #APEC2017 https://t.co/mGPeyZEyqm,the,united,states,has,been,reminded,time,and,again,in,recent,years,that,economic,security,is,not,merely,related,to,national,security,#NAME?,security,is,national,security,it,is,vital,to,our,national,strength,#apec2017,http://...,,,,,,,,,,,,,,,,,,
928936220360503000,10/11/2017 10:43,0.1,The United States has been reminded time and again in recent years that economic security is not merely RELATED to national security - economic security IS national security. It is vital to our national strength. #APEC2017 https://t.co/8gKQUhit2X,the,united,states,has,been,reminded,time,and,again,in,recent,years,that,economic,security,is,not,merely,related,to,national,security,-,economic,security,is,national,security,it,is,vital,to,our,national,strength,#apec2017,http://...,,,,,,,,,,,,,,,,,
928969836897583000,10/11/2017 12:57,0.4,"On behalf of an entire nation, Happy 242nd Birthday to the men and women of the United States Marines!#USMC242 #SemperFi https://t.co/ecgoSJP5Uc",on,behalf,of,an,entire,nation,happy,242nd,birthday,to,the,men,and,women,of,the,united,states,marines,#usmc242,#semperfi,http://...,,,,,,,,,,,,,,,,,,,,,,,,,,,,,,,,
929320777668628000,11/11/2017 12:11,0.58,"On this wonderful Veterans Day, I want to express the incredible gratitude of the entire American Nation to our GREAT VETERANS. Thank you! https://t.co/GhQbCA7yII",on,this,wonderful,veterans,day,i,want,to,express,the,incredible,gratitude,of,the,entire,american,nation,to,our,great,veterans,thank,you,http://...,,,,,,,,,,,,,,,,,,,,,,,,,,,,,,
929326786709807000,11/11/2017 12:35,0,‚ÄúPresidential Proclamation Commemorating the 50th Anniversary of the Vietnam War‚Äù ‚û°Ô∏èhttps://t.co/hgUQP9leqK ‚û°Ô∏èhttps://t.co/9C0yyIv9Ws https://t.co/f9snmRUA4a,presidential,proclamation,commemorating,the,50th,anniversary,of,the,vietnam,war,‚û°Ô∏è,http://...,‚û°Ô∏è,http://...,http://...,,,,,,,,,,,,,,,,,,,,,,,,,,,,,,,,,,,,,,,
929492038231429000,11/11/2017 23:32,0.2,President Xi of China has stated that he is upping the sanctions against #NoKo. Said he wants them to denuclearize. Progress is being made.,president,xi,of,china,has,stated,that,he,is,upping,the,sanctions,against,#noko,said,he,wants,them,to,denuclearize,progress,is,being,made,,,,,,,,,,,,,,,,,,,,,,,,,,,,,,
929492850101940000,11/11/2017 23:35,0,"Will be doing a joint press conference in Hanoi, Vietnam then heading for final destination of trip, the Phillipines.",will,be,doing,a,joint,press,conference,in,hanoi,vietnam,then,heading,for,final,destination,of,trip,the,phillipines,,,,,,,,,,,,,,,,,,,,,,,,,,,,,,,,,,,
929503025512693000,12/11/2017 0:16,0.05,"Met with President Putin of Russia who was at #APEC meetings. Good discussions on Syria. Hope for his help to solve, along with China the dangerous North Korea crisis. Progress being made.",met,with,president,putin,of,russia,who,was,at,#apec,meetings,good,discussions,on,syria,hope,for,his,help,to,solve,along,with,china,the,dangerous,north,korea,crisis,progress,being,made,,,,,,,,,,,,,,,,,,,,,,
929503641014112000,12/11/2017 0:18,0.41,"When will all the haters and fools out there realize that having a good relationship with Russia is a good thing, not a bad thing. There always playing politics - bad for our country. I want to solve North Korea, Syria, Ukraine, terrorism, and Russia can greatly help!",when,will,all,the,haters,and,fools,out,there,realize,that,having,a,good,relationship,with,russia,is,a,good,thing,not,a,bad,thing,there,always,playing,politics,-,bad,for,our,country,i,want,to,solve,north,korea,syria,ukraine,terrorism,and,russia,can,greatly,help,,,,,,
929509950811881000,12/11/2017 0:43,-0.25,"Does the Fake News Media remember when Crooked Hillary Clinton, as Secretary of State, was begging Russia to be our friend with the misspelled reset button? Obama tried also, but he had zero chemistry with Putin.",does,the,fake,news,media,remember,when,crooked,hillary,clinton,as,secretary,of,state,was,begging,russia,to,be,our,friend,with,the,misspelled,reset,button,obama,tried,also,but,he,had,zero,chemistry,with,putin,,,,,,,,,,,,,,,,,,
929511061954297000,12/11/2017 0:48,-0.088194444,"""Why would Kim Jong-un insult me by calling me """"old,"""" when I would NEVER call him """"short and fat?"""" Oh well, I try so hard to be his friend - and maybe someday that will happen!""",why,would,kim,jong-un,insult,me,by,calling,me,old,when,i,would,never,call,him,short,and,fat,oh,well,i,try,so,hard,to,be,his,friend,-,and,maybe,someday,that,will,happen,,,,,,,,,,,,,,,,,,
929651728726798000,12/11/2017 10:06,1,"Just landed in the Philippines after a great day of meetings and events in Hanoi, Vietnam!",just,landed,in,the,philippines,after,a,great,day,of,meetings,and,events,in,hanoi,vietnam,,,,,,,,,,,,,,,,,,,,,,,,,,,,,,,,,,,,,,
929655283181391000,12/11/2017 10:21,1,"Just landed in the Philippines after a great day of meetings and events in Hanoi, Vietnam! https://t.co/YxHRNhhPWo",just,landed,in,the,philippines,after,a,great,day,of,meetings,and,events,in,hanoi,vietnam,http://...,,,,,,,,,,,,,,,,,,,,,,,,,,,,,,,,,,,,,
929670192434745000,12/11/2017 11:20,1,"We had a wonderful visit to Vietnam, thank you President Tran Dai Quang! Heading to the #ASEANSummit 50th Anniv Gala in the Philippines now. https://t.co/WfSd8EE3Nm",we,had,a,wonderful,visit,to,vietnam,thank,you,president,tran,dai,quang,heading,to,the,#aseansummit,50th,anniv,gala,in,the,philippines,now,http://...,,,,,,,,,,,,,,,,,,,,,,,,,,,,,
929717762422988000,12/11/2017 14:29,0,Thank you! https://t.co/TD0rYcWN8C,thank,you,http://...,,,,,,,,,,,,,,,,,,,,,,,,,,,,,,,,,,,,,,,,,,,,,,,,,,,
930049882949345000,13/11/2017 12:29,0.9,"Great day of bilateral meetings at #ASEANSummit on trade, which we are turning around to be great deals for our country! https://t.co/2ahAvm4n9s",great,day,of,bilateral,meetings,at,#aseansummit,on,trade,which,we,are,turning,around,to,be,great,deals,for,our,country,http://...,,,,,,,,,,,,,,,,,,,,,,,,,,,,,,,,
930050967067820000,13/11/2017 12:33,0.25,"Will be leaving the Philippines tomorrow after many days of constant mtgs &amp, work in order to #MAGA! My promises are rapidly being fulfilled.",will,be,leaving,the,philippines,tomorrow,after,many,days,of,constant,mtgs,&,work,in,order,to,#maga,my,promises,are,rapidly,being,fulfilled,,,,,,,,,,,,,,,,,,,,,,,,,,,,,,
930087113764327000,13/11/2017 14:57,0.475,"Happy to announce, I am nominating Alex Azar to be the next HHS Secretary. He will be a star for better healthcare and lower drug prices!",happy,to,announce,i,am,nominating,alex,azar,to,be,the,next,hhs,secretary,he,will,be,a,star,for,better,healthcare,and,lower,drug,prices,,,,,,,,,,,,,,,,,,,,,,,,,,,,
930089374187950000,13/11/2017 15:06,-0.010208333,"I am proud of the Rep. House &amp, Senate for working so hard on cutting taxes {&amp, reform.} We‚Äôre getting close! Now, how about ending the unfair &amp, highly unpopular Indiv Mandate in OCare &amp, reducing taxes even further? Cut top rate to 35% w/all of the rest going to middle income cuts?",i,am,proud,of,the,rep,house,&,senate,for,working,so,hard,on,cutting,taxes,&,reform,were,getting,close,now,how,about,ending,the,unfair,&,highly,unpopular,indiv,mandate,in,ocare,&,reducing,taxes,even,further,cut,top,rate,to,35,wall,of,the,rest,going,to,middle,income,cuts,
930259298407419000,14/11/2017 2:21,0.29375,Excited to be heading home to see the House pass a GREAT Tax Bill with the middle class getting big TAX CUTS!#MakeAmericaGreatAgainüá∫üá∏,excited,to,be,heading,home,to,see,the,house,pass,a,great,tax,bill,with,the,middle,class,getting,big,tax,cuts,#makeamericagreatagainüá∫üá∏,,,,,,,,,,,,,,,,,,,,,,,,,,,,,,,
930301344342265000,14/11/2017 5:08,0.4,Great to see @RandPaul looking well and back on the Senate floor. He will help us with TAX CUTS and REFORM!,great,to,see,@randpaul,looking,well,and,back,on,the,senate,floor,he,will,help,us,with,tax,cuts,and,reform,,,,,,,,,,,,,,,,,,,,,,,,,,,,,,,,,
930304414564352000,14/11/2017 5:20,0.240277778,"After my tour of Asia, all Countries dealing with us on TRADE know that the rules have changed. The United States has to be treated fairly and in a reciprocal fashion. The massive TRADE deficits must go down quickly!",after,my,tour,of,asia,all,countries,dealing,with,us,on,trade,know,that,the,rules,have,changed,the,united,states,has,to,be,treated,fairly,and,in,a,reciprocal,fashion,the,massive,trade,deficits,must,go,down,quickly,,,,,,,,,,,,,,,
930305984077156000,14/11/2017 5:26,0.365,"Just arrived at #ASEAN50 in the Philippines for my final stop with World Leaders. Will lead to FAIR TRADE DEALS, unlike the horror shows from past Administrations. Will then be leaving for D.C. Made many good friends!",just,arrived,at,#asean50,in,the,philippines,for,my,final,stop,with,world,leaders,will,lead,to,fair,trade,deals,unlike,the,horror,shows,from,past,administrations,will,then,be,leaving,for,dc,made,many,good,friends,,,,,,,,,,,,,,,,,
930320191699017000,14/11/2017 6:23,0.0625,I will be making a major statement from the @WhiteHouse upon my return to D.C. Time and date to be set.,i,will,be,making,a,major,statement,from,the,@whitehouse,upon,my,return,to,dc,time,and,date,to,be,set,,,,,,,,,,,,,,,,,,,,,,,,,,,,,,,,,
930346433177378000,14/11/2017 8:07,0.28,"One of the most accurate polls last time around. But #FakeNews likes to say we‚Äôre in the 30‚Äôs. They are wrong. Some people think numbers could be in the 50's. Together, WE will MAKE AMERICA GREAT AGAIN! https://t.co/YhrwkdObhP",one,of,the,most,accurate,polls,last,time,around,but,#fakenews,likes,to,say,were,in,the,30s,they,are,wrong,some,people,think,numbers,could,be,in,the,50s,together,we,will,make,america,great,again,http://...,,,,,,,,,,,,,,,,
930362633852735000,14/11/2017 9:11,0.8,THANK YOU to the amazing staff and their families of the United States Embassy in the Philippines. Keep up the GREAT WORK! https://t.co/3ABVXTsJM0,thank,you,to,the,amazing,staff,and,their,families,of,the,united,states,embassy,in,the,philippines,keep,up,the,great,work,http://...,,,,,,,,,,,,,,,,,,,,,,,,,,,,,,,
930490487903084000,14/11/2017 17:39,0,THANK YOU ASIA! #USAüá∫üá∏ https://t.co/FziKSbrzcu,thank,you,asia,#usaüá∫üá∏,http://...,,,,,,,,,,,,,,,,,,,,,,,,,,,,,,,,,,,,,,,,,,,,,,,,,
930655291569524000,15/11/2017 4:34,0,"May God be with the people of Sutherland Springs, Texas. The FBI and Law Enforcement has arrived.",may,god,be,with,the,people,of,sutherland,springs,texas,the,fbi,and,law,enforcement,has,arrived,,,,,,,,,,,,,,,,,,,,,,,,,,,,,,,,,,,,,
930657178544984000,15/11/2017 4:42,0.9875,Just returned from Asia after 12 very successful days. Great to be home!,just,returned,from,asia,after,12,very,successful,days,great,to,be,home,,,,,,,,,,,,,,,,,,,,,,,,,,,,,,,,,,,,,,,,,
930744931609694000,15/11/2017 10:30,0.53125,Our great country is respected again in Asia. You will see the fruits of our long but successful trip for many years to come!,our,great,country,is,respected,again,in,asia,you,will,see,the,fruits,of,our,long,but,successful,trip,for,many,years,to,come,,,,,,,,,,,,,,,,,,,,,,,,,,,,,,
930747213659197000,15/11/2017 10:40,0.56875,".@foxandfriends will be showing much of our successful trip to Asia, and the friendships &amp, benefits that will endure for years to come!",@foxandfriends,will,be,showing,much,of,our,successful,trip,to,asia,and,the,friendships,&,benefits,that,will,endure,for,years,to,come,,,,,,,,,,,,,,,,,,,,,,,,,,,,,,,
930748627642998000,15/11/2017 10:45,-0.541666667,"While in the Philippines I was forced to watch @CNN, which I have not done in months, and again realized how bad, and FAKE, it is. Loser!",while,in,the,philippines,i,was,forced,to,watch,@cnn,which,i,have,not,done,in,months,and,again,realized,how,bad,and,fake,it,is,loser,,,,,,,,,,,,,,,,,,,,,,,,,,,
930750650010480000,15/11/2017 10:53,-0.364583333,"Thank you, working hard! https://t.co/TmNdNPBJ3m",thank,you,working,hard,http://...,,,,,,,,,,,,,,,,,,,,,,,,,,,,,,,,,,,,,,,,,,,,,,,,,
930751807101562000,15/11/2017 10:58,0,Thank you! https://t.co/EQMwv1XbiM,thank,you,http://...,,,,,,,,,,,,,,,,,,,,,,,,,,,,,,,,,,,,,,,,,,,,,,,,,,,
930815626460921000,15/11/2017 15:11,-0.125,Do you think the three UCLA Basketball Players will say thank you President Trump? They were headed for 10 years in jail!,do,you,think,the,three,ucla,basketball,players,will,say,thank,you,president,trump,they,were,headed,for,10,years,in,jail,,,,,,,,,,,,,,,,,,,,,,,,,,,,,,,,
930836707095863000,15/11/2017 16:35,0.45,"The failing @nytimes hates the fact that I have developed a great relationship with World leaders like Xi Jinping, President of China.....",the,failing,@nytimes,hates,the,fact,that,i,have,developed,a,great,relationship,with,world,leaders,like,xi,jinping,president,of,china,,,,,,,,,,,,,,,,,,,,,,,,,,,,,,,,
930837616714571000,15/11/2017 16:39,0.56875,"...They should realize that these relationships are a good thing, not a bad thing. The U.S. is being respected again. Watch Trade!",they,should,realize,that,these,relationships,are,a,good,thing,not,a,bad,thing,the,us,is,being,respected,again,watch,trade,,,,,,,,,,,,,,,,,,,,,,,,,,,,,,,,
930840960346611000,15/11/2017 16:52,-0.280729167,It is actually hard to believe how naive (or dumb) the Failing @nytimes is when it comes to foreign policy...weak and ineffective!,it,is,actually,hard,to,believe,how,naive,or,dumb,the,failing,@nytimes,is,when,it,comes,to,foreign,policyweak,and,ineffective,,,,,,,,,,,,,,,,,,,,,,,,,,,,,,,,
930981685658902000,16/11/2017 2:11,0,Why are Democrats fighting massive tax cuts for the middle class and business (jobs)? The reason: Obstruction and Delay!,why,are,democrats,fighting,massive,tax,cuts,for,the,middle,class,and,business,jobs,the,reason,obstruction,and,delay,,,,,,,,,,,,,,,,,,,,,,,,,,,,,,,,,,,
930982399202217000,16/11/2017 2:14,0,Big vote tomorrow in the House. Tax cuts are getting close!,big,vote,tomorrow,in,the,house,tax,cuts,are,getting,close,,,,,,,,,,,,,,,,,,,,,,,,,,,,,,,,,,,,,,,,,,,
931122234437046000,16/11/2017 11:30,0.4,"To the three UCLA basketball players I say:  You're welcome, go out and give a big Thank You to President Xi Jinping of China who made.....",to,the,three,ucla,basketball,players,i,say,youre,welcome,go,out,and,give,a,big,thank,you,to,president,xi,jinping,of,china,who,made,,,,,,,,,,,,,,,,,,,,,,,,,,,,
931123400810037000,16/11/2017 11:34,0.2675,"....your release possible and, HAVE A GREAT LIFE! Be careful, there are many pitfalls on the long and winding road of life!",your,release,possible,and,have,a,great,life,be,careful,there,are,many,pitfalls,on,the,long,and,winding,road,of,life,,,,,,,,,,,,,,,,,,,,,,,,,,,,,,,,
931140567089721000,16/11/2017 12:43,0,"China is sending an Envoy and Delegation to North Korea - A big move, we'll see what happens!",china,is,sending,an,envoy,and,delegation,to,north,korea,-,a,big,move,well,see,what,happens,,,,,,,,,,,,,,,,,,,,,,,,,,,,,,,,,,,,
931223807037263000,16/11/2017 18:13,0,Need all on the UN Security Council to vote to renew the Joint Investigative Mechanism for Syria to ensure that Assad Regime does not commit mass murder with chemical weapons ever again.,need,all,on,the,un,security,council,to,vote,to,renew,the,joint,investigative,mechanism,for,syria,to,ensure,that,assad,regime,does,not,commit,mass,murder,with,chemical,weapons,ever,again,,,,,,,,,,,,,,,,,,,,,,
931254609041068000,16/11/2017 20:16,0,Congratulations to the House of Representatives for passing the #TaxCutsandJobsAct ‚Äî a big step toward fulfilling our promise to deliver historic TAX CUTS for the American people by the end of the year! https://t.co/8FjefMj6hh,congratulations,to,the,house,of,representatives,for,passing,the,#taxcutsandjobsact,,a,big,step,toward,fulfilling,our,promise,to,deliver,historic,tax,cuts,for,the,american,people,by,the,end,of,the,year,http://...,,,,,,,,,,,,,,,,,,,,
931355543096233000,17/11/2017 2:57,0.23125,"Big win today in the House for GOP Tax Cuts and Reform, 227-205. Zero Dems, they want to raise taxes much higher, but not for our military!",big,win,today,in,the,house,for,gop,tax,cuts,and,reform,227-205,zero,dems,they,want,to,raise,taxes,much,higher,but,not,for,our,military,,,,,,,,,,,,,,,,,,,,,,,,,,,
931357870024687000,17/11/2017 3:06,-0.7,"The Al Frankenstien picture is really bad, speaks a thousand words. Where do his hands go in pictures 2, 3, 4, 5 &amp, 6 while she sleeps? .....",the,al,frankenstien,picture,is,really,bad,speaks,a,thousand,words,where,do,his,hands,go,in,pictures,2,3,4,5,&,6,while,she,sleeps,,,,,,,,,,,,,,,,,,,,,,,,,,,
931360196554821000,17/11/2017 3:15,0.25,.And to think that just last week he was lecturing anyone who would listen about sexual harassment and respect for women. Lesley Stahl tape?,and,to,think,that,just,last,week,he,was,lecturing,anyone,who,would,listen,about,sexual,harassment,and,respect,for,women,lesley,stahl,tape,,,,,,,,,,,,,,,,,,,,,,,,,,,,,,
931469365538672000,17/11/2017 10:29,0.666666667,"Great numbers on Stocks and the Economy. If we get Tax Cuts and Reform, we'll really see some great results!",great,numbers,on,stocks,and,the,economy,if,we,get,tax,cuts,and,reform,well,really,see,some,great,results,,,,,,,,,,,,,,,,,,,,,,,,,,,,,,,,,,
931477193255014000,17/11/2017 11:00,0.375,"If Democrats were not such obstructionists and understood the power of lower taxes, we would be able to get many of their ideas into Bill!",if,democrats,were,not,such,obstructionists,and,understood,the,power,of,lower,taxes,we,would,be,able,to,get,many,of,their,ideas,into,bill,,,,,,,,,,,,,,,,,,,,,,,,,,,,,
931538234169069000,17/11/2017 15:03,-0.05625,"Together, we're going to restore safety to our streets and peace to our communities, and we're going to destroy the vile criminal cartel, #MS13, and many other gangs...'Hundreds arrested in MS-13 crackdown'https://t.co/Mp268d8RaU https://t.co/mrynwnTuoO",together,were,going,to,restore,safety,to,our,streets,and,peace,to,our,communities,and,were,going,to,destroy,the,vile,criminal,cartel,#ms13,and,many,other,gangshundreds,arrested,in,ms-13,crackdown,http://...,http://...,,,,,,,,,,,,,,,,,,,,
931661592135168000,17/11/2017 23:13,0,"Today, it was an honor to celebrate the Collegiate National Champions of 2016/2017 at the @WhiteHouse! #NCAAChampionsüèÜPhotos: https://t.co/Ecl2phhzyl https://t.co/w8jE24pLwa",today,it,was,an,honor,to,celebrate,the,collegiate,national,champions,of,20162017,at,the,@whitehouse,#ncaachampionsüèÜphotos,http://...,http://...,,,,,,,,,,,,,,,,,,,,,,,,,,,,,,,,,,,
931685146415255000,18/11/2017 0:47,-0.133333333,Put big game trophy decision on hold until such time as I review all conservation facts. Under study for years. Will update soon with Secretary Zinke. Thank you!,put,big,game,trophy,decision,on,hold,until,such,time,as,i,review,all,conservation,facts,under,study,for,years,will,update,soon,with,secretary,zinke,thank,you,,,,,,,,,,,,,,,,,,,,,,,,,,
931877599034388000,18/11/2017 13:31,-0.041666667,"Crooked Hillary Clinton is the worst (and biggest) loser of all time. She just can‚Äôt stop, which is so good for the Republican Party. Hillary, get on with your life and give it another try in three years!",crooked,hillary,clinton,is,the,worst,and,biggest,loser,of,all,time,she,just,cant,stop,which,is,so,good,for,the,republican,party,hillary,get,on,with,your,life,and,give,it,another,try,in,three,years,,,,,,,,,,,,,,,,
932303108146892000,19/11/2017 17:42,-0.05625,"Now that the three basketball players are out of China and saved from years in jail, LaVar Ball, the father of LiAngelo, is unaccepting of what I did for his son and that shoplifting is no big deal. I should have left them in jail!",now,that,the,three,basketball,players,are,out,of,china,and,saved,from,years,in,jail,lavar,ball,the,father,of,liangelo,is,unaccepting,of,what,i,did,for,his,son,and,that,shoplifting,is,no,big,deal,i,should,have,left,them,in,jail,,,,,,,,,
932388590344196000,19/11/2017 23:22,0.15,"Sen. Jeff Flake(y), who is unelectable in the Great State of Arizona (quit race, anemic polls) was caught (purposely) on ‚Äúmike‚Äù saying bad things about your favorite President. He‚Äôll be a NO on tax cuts because his political career anyway is ‚Äútoast.‚Äù",sen,jeff,flakey,who,is,unelectable,in,the,great,state,of,arizona,quit,race,anemic,polls,was,caught,purposely,on,mike,saying,bad,things,about,your,favorite,president,hell,be,a,no,on,tax,cuts,because,his,political,career,anyway,is,toast,,,,,,,,,,,,
932392209445457000,19/11/2017 23:36,0.0375,"Shoplifting is a very big deal in China, as it should be (5-10 years in jail), but not to father LaVar. Should have gotten his son out during my next trip to China instead. China told them why they were released. Very ungrateful!",shoplifting,is,a,very,big,deal,in,china,as,it,should,be,5-Oct,years,in,jail,but,not,to,father,lavar,should,have,gotten,his,son,out,during,my,next,trip,to,china,instead,china,told,them,why,they,were,released,very,ungrateful,,,,,,,,,,,
932397369655808000,19/11/2017 23:57,-0.168055556,Big-game trophy decision will be announced next week but will be very hard pressed to change my mind that this horror show in any way helps conservation of Elephants or any other animal.,big-game,trophy,decision,will,be,announced,next,week,but,will,be,very,hard,pressed,to,change,my,mind,that,this,horror,show,in,any,way,helps,conservation,of,elephants,or,any,other,animal,,,,,,,,,,,,,,,,,,,,,
932420488642617000,20/11/2017 1:29,-0.1625,"Border Patrol Officer killed at Southern Border, another badly hurt. We will seek out and bring to justice those responsible. We will, and must, build the Wall!",border,patrol,officer,killed,at,southern,border,another,badly,hurt,we,will,seek,out,and,bring,to,justice,those,responsible,we,will,and,must,build,the,wall,,,,,,,,,,,,,,,,,,,,,,,,,,,
932433668068528000,20/11/2017 2:21,-0.107291667,Republican Senators are working very hard to get Tax Cuts and Tax Reform approved. Hopefully it will not be long and they do not want to disappoint the American public!,republican,senators,are,working,very,hard,to,get,tax,cuts,and,tax,reform,approved,hopefully,it,will,not,be,long,and,they,do,not,want,to,disappoint,the,american,public,,,,,,,,,,,,,,,,,,,,,,,,
932570628451954000,20/11/2017 11:25,0.137777778,Marshawn Lynch of the NFL‚Äôs Oakland Raiders stands for the Mexican Anthem and sits down to boos for our National Anthem. Great disrespect! Next time NFL should suspend him for remainder of season. Attendance and ratings way down.,marshawn,lynch,of,the,nfls,oakland,raiders,stands,for,the,mexican,anthem,and,sits,down,to,boos,for,our,national,anthem,great,disrespect,next,time,nfl,should,suspend,him,for,remainder,of,season,attendance,and,ratings,way,down,,,,,,,,,,,,,,,,
932578255810498000,20/11/2017 11:55,0.25,Under President Trump unemployment rate will drop below 4%.  Analysts predict economic boom for 2018!  @foxandfriends and @Varneyco,under,president,trump,unemployment,rate,will,drop,below,4,analysts,predict,economic,boom,for,2018,@foxandfriends,and,@varneyco,,,,,,,,,,,,,,,,,,,,,,,,,,,,,,,,,,,,
933038654171344000,21/11/2017 18:25,0,President Donald J. Trump and @FLOTUS Melania Participate in the Pardoning of the National Thanksgiving Turkey at the White House. https://t.co/Zauqz4jfWv,president,donald,j,trump,and,@flotus,melania,participate,in,the,pardoning,of,the,national,thanksgiving,turkey,at,the,white,house,http://...,,,,,,,,,,,,,,,,,,,,,,,,,,,,,,,,,
933105158275325000,21/11/2017 22:49,0.331060606,"Today, we continued a wonderful American Tradition at the White House. Drumstick and Wishbone will live out their days in the beautiful Blue Ridge Mountains at Gobbler‚Äôs Rest... https://t.co/fsS8B8f5UR",today,we,continued,a,wonderful,american,tradition,at,the,white,house,drumstick,and,wishbone,will,live,out,their,days,in,the,beautiful,blue,ridge,mountains,at,gobblers,rest,http://...,,,,,,,,,,,,,,,,,,,,,,,,,
933280234220134000,22/11/2017 10:25,-0.33125,"It wasn‚Äôt the White House, it wasn‚Äôt the State Department, it wasn‚Äôt father LaVar‚Äôs so-called people on the ground in China that got his son out of a long term prison sentence - IT WAS ME. Too bad! LaVar is just a poor man‚Äôs version of Don King, but without the hair. Just think..",it,wasnt,the,white,house,it,wasnt,the,state,department,it,wasnt,father,lavars,so-called,people,on,the,ground,in,china,that,got,his,son,out,of,a,long,term,prison,sentence,-,it,was,me,too,bad,lavar,is,just,a,poor,mans,version,of,don,king,but,without,the,hair,just,think
933282274937733000,22/11/2017 10:33,-0.00125,"...LaVar, you could have spent the next 5 to 10 years during Thanksgiving with your son in China, but no NBA contract to support you. But remember LaVar, shoplifting is NOT a little thing. It‚Äôs a really big deal, especially in China. Ungrateful fool!",lavar,you,could,have,spent,the,next,5,to,10,years,during,thanksgiving,with,your,son,in,china,but,no,nba,contract,to,support,you,but,remember,lavar,shoplifting,is,not,a,little,thing,its,a,really,big,deal,especially,in,china,ungrateful,fool,,,,,,,,,,
933285973277868000,22/11/2017 10:48,-0.099952587,The NFL is now thinking about a new idea - keeping teams in the Locker Room during the National Anthem next season. That‚Äôs almost as bad as kneeling! When will the highly paid Commissioner finally get tough and smart? This issue is killing your league!.....,the,nfl,is,now,thinking,about,a,new,idea,-,keeping,teams,in,the,locker,room,during,the,national,anthem,next,season,thats,almost,as,bad,as,kneeling,when,will,the,highly,paid,commissioner,finally,get,tough,and,smart,this,issue,is,killing,your,league,,,,,,,,,
933291075342540000,22/11/2017 11:08,0,Another Crooked Hillary Fan! https://t.co/1LidydhORD,another,crooked,hillary,fan,http://...,,,,,,,,,,,,,,,,,,,,,,,,,,,,,,,,,,,,,,,,,,,,,,,,,
933301876975718000,22/11/2017 11:51,0.17995671,Will be having meetings and working the phones from the Winter White House in Florida (Mar-a-Lago). Stock Market hit new Record High yesterday - $5.5 trillion gain since E. Many companies coming back to the U.S. Military building up and getting very strong.,will,be,having,meetings,and,working,the,phones,from,the,winter,white,house,in,florida,mar-a-lago,stock,market,hit,new,record,high,yesterday,-,55,trillion,gain,since,e,many,companies,coming,back,to,the,us,military,building,up,and,getting,very,strong,,,,,,,,,,,
933319309551685000,22/11/2017 13:00,0,The @USNavy is conducting search and rescue following aircraft crash. We are monitoring the situation. Prayers for all involved. https://t.co/1AxmegKqvu,the,@usnavy,is,conducting,search,and,rescue,following,aircraft,crash,we,are,monitoring,the,situation,prayers,for,all,involved,http://...,,,,,,,,,,,,,,,,,,,,,,,,,,,,,,,,,,
933446283632824000,22/11/2017 21:25,0.325,51 Million American to travel this weekend - highest number in twelve years (AAA). Traffic and airports are running very smoothly!  @FoxNews,51,million,american,to,travel,this,weekend,-,highest,number,in,twelve,years,aaa,traffic,and,airports,are,running,very,smoothly,@foxnews,,,,,,,,,,,,,,,,,,,,,,,,,,,,,,,,
933448074348900000,22/11/2017 21:32,-0.0875,I have long given the order to help Argentina with the Search and Rescue mission of their missing submarine. 45 people aboard and not much time left. May God be with them and the people of Argentina!,i,have,long,given,the,order,to,help,argentina,with,the,search,and,rescue,mission,of,their,missing,submarine,45,people,aboard,and,not,much,time,left,may,god,be,with,them,and,the,people,of,argentina,,,,,,,,,,,,,,,,,
933517194142584000,23/11/2017 2:06,0.625,....And it will get even better with Tax Cuts! https://t.co/75wozGJQoP,and,it,will,get,even,better,with,tax,cuts,http://...,,,,,,,,,,,,,,,,,,,,,,,,,,,,,,,,,,,,,,,,,,,,
933658521828315000,23/11/2017 11:28,0.333333333,"HAPPY THANKSGIVING, your Country is starting to do really well. Jobs coming back, highest Stock Market EVER, Military getting really strong, we will build the WALL, V.A. taking care of our Vets, great Supreme Court Justice, RECORD CUT IN REGS, lowest unemployment in 17 years....!",happy,thanksgiving,your,country,is,starting,to,do,really,well,jobs,coming,back,highest,stock,market,ever,military,getting,really,strong,we,will,build,the,wall,va,taking,care,of,our,vets,great,supreme,court,justice,record,cut,in,regs,lowest,unemployment,in,17,years,,,,,,,,,
933659179348299000,23/11/2017 11:31,1,@ThePlumLineGS MAKE AMERICA GREAT AGAIN!,@theplumlinegs,make,america,great,again,,,,,,,,,,,,,,,,,,,,,,,,,,,,,,,,,,,,,,,,,,,,,,,,,
933662564587855000,23/11/2017 11:44,1,MAKE AMERICA GREAT AGAIN!,make,america,great,again,,,,,,,,,,,,,,,,,,,,,,,,,,,,,,,,,,,,,,,,,,,,,,,,,,
933692459351265000,23/11/2017 13:43,0.018181818,"Will be doing a live Thanksgiving Video Teleconference with Members of the Military at 9:00 A.M.  Afghanistan, Iraq, USS Monterey, Turkey &amp, Bahrain. Then going to Coast Guard Quarters, Florida.",will,be,doing,a,live,thanksgiving,video,teleconference,with,members,of,the,military,at,900,am,afghanistan,iraq,uss,monterey,turkey,&,bahrain,then,going,to,coast,guard,quarters,florida,,,,,,,,,,,,,,,,,,,,,,,,
933720598383026000,23/11/2017 15:35,1,HAPPY THANKSGIVING! https://t.co/nQhi7XopMW,happy,thanksgiving,http://...,,,,,,,,,,,,,,,,,,,,,,,,,,,,,,,,,,,,,,,,,,,,,,,,,,,
933831194558582000,23/11/2017 22:54,0.666666667,"My great honor to join our incredible men and women of the @USCG, at the Lake Worth Inlet Station, in Riviera Beach, Florida today!#HappyThanksgiving https://t.co/C35HR9opbP",my,great,honor,to,join,our,incredible,men,and,women,of,the,@uscg,at,the,lake,worth,inlet,station,in,riviera,beach,florida,today,#happythanksgiving,http://...,,,,,,,,,,,,,,,,,,,,,,,,,,,,
933837062293291000,23/11/2017 23:18,0.357142857,"ObamaCare premiums are going up, up, up, just as I have been predicting for two years. ObamaCare is OWNED by the Democrats, and it is a disaster. But do not worry. Even though the Dems want to Obstruct, we will Repeal &amp, Replace right after Tax Cuts!",obamacare,premiums,are,going,up,up,up,just,as,i,have,been,predicting,for,two,years,obamacare,is,owned,by,the,democrats,and,it,is,a,disaster,but,do,not,worry,even,though,the,dems,want,to,obstruct,we,will,repeal,&,replace,right,after,tax,cuts,,,,,,,
933918671503753000,24/11/2017 4:42,0.9,A great guy (with great ratings)! https://t.co/S0S6xqrjSC,a,great,guy,with,great,ratings,http://...,,,,,,,,,,,,,,,,,,,,,,,,,,,,,,,,,,,,,,,,,,,,,,,
933921775984967000,24/11/2017 4:54,1,Two great people! https://t.co/5cVnMhnmuH,two,great,people,http://...,,,,,,,,,,,,,,,,,,,,,,,,,,,,,,,,,,,,,,,,,,,,,,,,,,
934026050388013000,24/11/2017 11:48,0,"Can you believe that the disrespect for our Country, our Flag, our Anthem continues without penalty to the players. The Commissioner has lost control of the hemorrhaging league. Players are the boss! https://t.co/udXP5MR8BC",can,you,believe,that,the,disrespect,for,our,country,our,flag,our,anthem,continues,without,penalty,to,the,players,the,commissioner,has,lost,control,of,the,hemorrhaging,league,players,are,the,boss,http://...,,,,,,,,,,,,,,,,,,,,,
934029886842458000,24/11/2017 12:04,0.045833333,"Will be speaking to President Recep Tayyip Erdogan of Turkey this morning about bringing peace to the mess that I inherited in the Middle East. I will get it all done, but what a mistake, in lives and dollars (6 trillion), to be there in the first place!",will,be,speaking,to,president,recep,tayyip,erdogan,of,turkey,this,morning,about,bringing,peace,to,the,mess,that,i,inherited,in,the,middle,east,i,will,get,it,all,done,but,what,a,mistake,in,lives,and,dollars,6,trillion,to,be,there,in,the,first,place,,,,,,
934031535757582000,24/11/2017 12:10,0.208333333,"After Turkey call I will be heading over to Trump National Golf Club, Jupiter, to play golf (quickly) with Tiger Woods and Dustin Johnson. Then back to Mar-a-Lago for talks on bringing even more jobs and companies back to the USA!",after,turkey,call,i,will,be,heading,over,to,trump,national,golf,club,jupiter,to,play,golf,quickly,with,tiger,woods,and,dustin,johnson,then,back,to,mar-a-lago,for,talks,on,bringing,even,more,jobs,and,companies,back,to,the,usa,,,,,,,,,,,,,
934080974773776000,24/11/2017 15:27,-0.25625,"Horrible and cowardly terrorist attack on innocent and defenseless worshipers in Egypt. The world cannot tolerate terrorism, we must defeat them militarily and discredit the extremist ideology that forms the basis of their existence!",horrible,and,cowardly,terrorist,attack,on,innocent,and,defenseless,worshipers,in,egypt,the,world,cannot,tolerate,terrorism,we,must,defeat,them,militarily,and,discredit,the,extremist,ideology,that,forms,the,basis,of,their,existence,,,,,,,,,,,,,,,,,,,,
934131805409697000,24/11/2017 18:49,-0.166666667,"Will be calling the President of Egypt in a short while to discuss the tragic terrorist attack, with so much loss of life. We have to get TOUGHER AND SMARTER than ever before, and we will. Need the WALL, need the BAN! God bless the people of Egypt.",will,be,calling,the,president,of,egypt,in,a,short,while,to,discuss,the,tragic,terrorist,attack,with,so,much,loss,of,life,we,have,to,get,tougher,and,smarter,than,ever,before,and,we,will,need,the,wall,need,the,ban,god,bless,the,people,of,egypt,,,,,,
934189999045693000,24/11/2017 22:40,-0.009375,"Time Magazine called to say that I was PROBABLY going to be named ‚ÄúMan (Person) of the Year,‚Äù like last year, but I would have to agree to an interview and a major photo shoot. I said probably is no good and took a pass. Thanks anyway!",time,magazine,called,to,say,that,i,was,probably,going,to,be,named,man,person,of,the,year,like,last,year,but,i,would,have,to,agree,to,an,interview,and,a,major,photo,shoot,i,said,probably,is,no,good,and,took,a,pass,thanks,anyway,,,,,,,
934507210385829000,25/11/2017 19:40,0.533333333,Happy #SmallBusinessSaturday!A great day to support your community and America‚Äôs JOB creators by shopping locally at a #SmallBiz. #ShopSmall https://t.co/pBQaBHvl7k,happy,#smallbusinesssaturdaya,great,day,to,support,your,community,and,americas,job,creators,by,shopping,locally,at,a,#smallbiz,#shopsmall,http://...,,,,,,,,,,,,,,,,,,,,,,,,,,,,,,,,,,
934539256940417000,25/11/2017 21:48,-0.083333333,"The Consumer Financial Protection Bureau, or CFPB, has been a total disaster as run by the previous Administrations pick. Financial Institutions have been devastated and unable to properly serve the public. We will bring it back to life!",the,consumer,financial,protection,bureau,or,cfpb,has,been,a,total,disaster,as,run,by,the,previous,administrations,pick,financial,institutions,have,been,devastated,and,unable,to,properly,serve,the,public,we,will,bring,it,back,to,life,,,,,,,,,,,,,,,,
934542257222451000,25/11/2017 22:00,-0.036111111,"Check out the recent Editorial in the Wall Street Journal @WSJ about what a complete disaster the @CFPB has been under its leader from previous Administration, who just quit!",check,out,the,recent,editorial,in,the,wall,street,journal,@wsj,about,what,a,complete,disaster,the,@cfpb,has,been,under,its,leader,from,previous,administration,who,just,quit,,,,,,,,,,,,,,,,,,,,,,,,,
934551607596986000,25/11/2017 22:37,-0.0071875,".@FoxNews is MUCH more important in the United States than CNN, but outside of the U.S., CNN International is still a major source of (Fake) news, and they represent our Nation to the WORLD very poorly. The outside world does not see the truth from them!",@foxnews,is,much,more,important,in,the,united,states,than,cnn,but,outside,of,the,us,cnn,international,is,still,a,major,source,of,fake,news,and,they,represent,our,nation,to,the,world,very,poorly,the,outside,world,does,not,see,the,truth,from,them,,,,,,,,
934563828834164000,25/11/2017 23:25,-0.108333333,"Wow, even I didn‚Äôt realize we did so much. Wish the Fake News would report! Thank you. https://t.co/ApVbu2b0Jd",wow,even,i,didnt,realize,we,did,so,much,wish,the,fake,news,would,report,thank,you,http://...,,,,,,,,,,,,,,,,,,,,,,,,,,,,,,,,,,,,
934781939088629000,26/11/2017 13:52,-0.133333333,"The last thing we need in Alabama and the U.S. Senate is a Schumer/Pelosi puppet who is WEAK on Crime, WEAK on the Border, Bad for our Military and our great Vets, Bad for our 2nd Amendment, AND WANTS TO RAISES TAXES TO THE SKY. Jones would be a disaster!",the,last,thing,we,need,in,alabama,and,the,us,senate,is,a,schumerpelosi,puppet,who,is,weak,on,crime,weak,on,the,border,bad,for,our,military,and,our,great,vets,bad,for,our,2nd,amendment,and,wants,to,raises,taxes,to,the,sky,jones,would,be,a,disaster,,,,
934792302341521000,26/11/2017 14:33,0.055,I endorsed Luther Strange in the Alabama Primary. He shot way up in the polls but it wasn‚Äôt enough. Can‚Äôt let Schumer/Pelosi win this race. Liberal Jones would be BAD!,i,endorsed,luther,strange,in,the,alabama,primary,he,shot,way,up,in,the,polls,but,it,wasnt,enough,cant,let,schumerpelosi,win,this,race,liberal,jones,would,be,bad,,,,,,,,,,,,,,,,,,,,,,,,
934896989539586000,26/11/2017 21:29,0.34,"Since the first day I took office, all you hear is the phony Democrat excuse for losing the election, Russia, Russia,Russia.  Despite this I have the economy booming and have possibly done more than any 10 month President. MAKE AMERICA GREAT AGAIN!",since,the,first,day,i,took,office,all,you,hear,is,the,phony,democrat,excuse,for,losing,the,election,russia,russiarussia,despite,this,i,have,the,economy,booming,and,have,possibly,done,more,than,any,10,month,president,make,america,great,again,,,,,,,,,,,,
934961858380955000,27/11/2017 1:47,0.396875,"Back in D.C., big week for Tax Cuts and many other things of great importance to our Country.  Senate Republicans will hopefully come through for all of us. The Tax Cut Bill is getting better and better. The end result will be great for ALL!",back,in,dc,big,week,for,tax,cuts,and,many,other,things,of,great,importance,to,our,country,senate,republicans,will,hopefully,come,through,for,all,of,us,the,tax,cut,bill,is,getting,better,and,better,the,end,result,will,be,great,for,all,,,,,,,,,
935147410472480000,27/11/2017 14:04,-0.160714286,"We should have a contest as to which of the Networks, plus CNN and not including Fox, is the most dishonest, corrupt and/or distorted in its political coverage of your favorite President (me). They are all bad. Winner to receive the FAKE NEWS TROPHY!",we,should,have,a,contest,as,to,which,of,the,networks,plus,cnn,and,not,including,fox,is,the,most,dishonest,corrupt,andor,distorted,in,its,political,coverage,of,your,favorite,president,me,they,are,all,bad,winner,to,receive,the,fake,news,trophy,,,,,,,,,,
935150368207654000,27/11/2017 14:16,-0.15,"The good news is that their ratings are terrible, nobody cares! https://t.co/I7h4Ryin3h",the,good,news,is,that,their,ratings,are,terrible,nobody,cares,http://...,,,,,,,,,,,,,,,,,,,,,,,,,,,,,,,,,,,,,,,,,,
935152378747195000,27/11/2017 14:24,0.19375,"The Tax Cut Bill is coming along very well, great support. With just a few changes, some mathematical, the middle class and job producers can get even more in actual dollars and savings and the pass through provision becomes simpler and really works well!",the,tax,cut,bill,is,coming,along,very,well,great,support,with,just,a,few,changes,some,mathematical,the,middle,class,and,job,producers,can,get,even,more,in,actual,dollars,and,savings,and,the,pass,through,provision,becomes,simpler,and,really,works,well,,,,,,,,,,
935339687006429000,28/11/2017 2:48,0.209272727,New home sales reach a 10 year high. Stock Market has more record gains. Hopefully Republican Senators will give us the much needed Tax Cuts to keep it all going! Democrats want big Tax Increases.,new,home,sales,reach,a,10,year,high,stock,market,has,more,record,gains,hopefully,republican,senators,will,give,us,the,much,needed,tax,cuts,to,keep,it,all,going,democrats,want,big,tax,increases,,,,,,,,,,,,,,,,,,,
935340092583006000,28/11/2017 2:50,0,Thank you Rand! https://t.co/NvPeleVmub,thank,you,rand,http://...,,,,,,,,,,,,,,,,,,,,,,,,,,,,,,,,,,,,,,,,,,,,,,,,,,
935489831005810000,28/11/2017 12:45,-0.229583333,"At least 24 players kneeling this weekend at NFL stadiums that are now having a very hard time filling up. The American public is fed up with the disrespect the NFL is paying to our Country, our Flag and our National Anthem. Weak and out of control!",at,least,24,players,kneeling,this,weekend,at,nfl,stadiums,that,are,now,having,a,very,hard,time,filling,up,the,american,public,is,fed,up,with,the,disrespect,the,nfl,is,paying,to,our,country,our,flag,and,our,national,anthem,weak,and,out,of,control,,,,,,,
935493619204620000,28/11/2017 13:00,0.581547619,"Melania, our great and very hard working First Lady, who truly loves what she is doing, always thought that ‚Äúif you run, you will win.‚Äù She would tell everyone that, ‚Äúno doubt, he will win.‚Äù I also felt I would win (or I would not have run) - and Country is doing great!",melania,our,great,and,very,hard,working,first,lady,who,truly,loves,what,she,is,doing,always,thought,that,if,you,run,you,will,win,she,would,tell,everyone,that,no,doubt,he,will,win,i,also,felt,i,would,win,or,i,would,not,have,run,-,and,country,is,doing,great,
935513049729028000,28/11/2017 14:17,-0.322916667,"Meeting with ‚ÄúChuck and Nancy‚Äù today about keeping government open and working. Problem is they want illegal immigrants flooding into our Country unchecked, are weak on Crime and want to substantially RAISE Taxes. I don‚Äôt see a deal!",meeting,with,chuck,and,nancy,today,about,keeping,government,open,and,working,problem,is,they,want,illegal,immigrants,flooding,into,our,country,unchecked,are,weak,on,crime,and,want,to,substantially,raise,taxes,i,dont,see,a,deal,,,,,,,,,,,,,,,,
935545697360891000,28/11/2017 16:27,0,‚ÄúStatement from President Donald J. Trump on #GivingTuesday‚Äù https://t.co/NrfnmixAwR,statement,from,president,donald,j,trump,on,#givingtuesday,http://...,,,,,,,,,,,,,,,,,,,,,,,,,,,,,,,,,,,,,,,,,,,,,
935632396841562000,28/11/2017 22:12,0.05,"Remarks from the Roosevelt Room with @SenateMajLdr Mitch McConnell, @SpeakerRyan and Secretary of Defense, General James Mattis. https://t.co/lZMqK5jBvh",remarks,from,the,roosevelt,room,with,@senatemajldr,mitch,mcconnell,@speakerryan,and,secretary,of,defense,general,james,mattis,http://...,,,,,,,,,,,,,,,,,,,,,,,,,,,,,,,,,,,,
935636972252618000,28/11/2017 22:30,0.170454545,"Dow, S&amp,P 500 and Nasdaq all finished the day at new RECORD HIGHS! https://t.co/wJyB9d00hh",dow,s&p,500,and,nasdaq,all,finished,the,day,at,new,record,highs,http://...,,,,,,,,,,,,,,,,,,,,,,,,,,,,,,,,,,,,,,,,
935640578007687000,28/11/2017 22:44,0.566666667,"‚ÄúThe Conference Board said that consumer sentiment was at its highest level in nearly 17 years in November. The Consumer Confidence Index rose from 126.2 in October to 129.5, notching its best reading since December 2000...‚Äù https://t.co/iNOtT3K8Vn",the,conference,board,said,that,consumer,sentiment,was,at,its,highest,level,in,nearly,17,years,in,november,the,consumer,confidence,index,rose,from,1262,in,october,to,1295,notching,its,best,reading,since,december,2000,http://...,,,,,,,,,,,,,,,,,
935686205429157000,29/11/2017 1:45,-0.0375,"After North Korea missile launch, it's more important than ever to fund our gov't &amp, military! Dems shouldn't hold troop funding hostage for amnesty &amp, illegal immigration. I ran on stopping illegal immigration and won big. They can't now threaten a shutdown to get their demands.",after,north,korea,missile,launch,its,more,important,than,ever,to,fund,our,govt,&,military,dems,shouldnt,hold,troop,funding,hostage,for,amnesty,&,illegal,immigration,i,ran,on,stopping,illegal,immigration,and,won,big,they,cant,now,threaten,a,shutdown,to,get,their,demands,,,,,,,,
935870484146683000,29/11/2017 1:58,-0.25,So now tha Matt Lauer is gone when will the Fake News practitioners at NBC be terminating the contract of Phil Griffin? And will they terminate low ratings Joe Scarborough based on the ‚Äúunsolved mystery‚Äù that took place in Florida years ago? Investigate!,so,now,tha,matt,lauer,is,gone,when,will,the,fake,news,practitioners,at,nbc,be,terminating,the,contract,of,phil,griffin,and,will,they,terminate,low,ratings,joe,scarborough,based,on,the,unsolved,mystery,that,took,place,in,florida,years,ago,investigate,,,,,,,,,,,
935701139198181000,29/11/2017 2:45,-0.09,"Charles McCullough, the respected fmr Intel Comm Inspector General, said public was misled on Crooked Hillary Emails. ‚ÄúEmails endangered National Security.‚Äù Why aren‚Äôt our deep State authorities looking at this? Rigged &amp, corrupt? @TuckerCarlson @seanhannity",charles,mccullough,the,respected,fmr,intel,comm,inspector,general,said,public,was,misled,on,crooked,hillary,emails,emails,endangered,national,security,why,arent,our,deep,state,authorities,looking,at,this,rigged,&,corrupt,@tuckercarlson,@seanhannity,,,,,,,,,,,,,,,,,,,
935712056690577000,29/11/2017 3:28,0.333333333,"Just won the lawsuit on leadership of Consumer Financial Protection Bureau, CFPB. A big win for the Consumer!",just,won,the,lawsuit,on,leadership,of,consumer,financial,protection,bureau,cfpb,a,big,win,for,the,consumer,,,,,,,,,,,,,,,,,,,,,,,,,,,,,,,,,,,,
935712632409030000,29/11/2017 3:30,1,Great work Ivanka! https://t.co/AQL4JLvnDh,great,work,ivanka,http://...,,,,,,,,,,,,,,,,,,,,,,,,,,,,,,,,,,,,,,,,,,,,,,,,,,
935713791765110000,29/11/2017 3:35,0.9,Great day for Tax Cuts and the Republican Party. But the biggest Winner will be our great Country!,great,day,for,tax,cuts,and,the,republican,party,but,the,biggest,winner,will,be,our,great,country,,,,,,,,,,,,,,,,,,,,,,,,,,,,,,,,,,,,
935833914761007000,29/11/2017 11:32,0,".@foxandfriends, we are in record territory in all things having to do with our economy! https://t.co/VB0Ao3s18d",@foxandfriends,we,are,in,record,territory,in,all,things,having,to,do,with,our,economy,http://...,,,,,,,,,,,,,,,,,,,,,,,,,,,,,,,,,,,,,,
935838073618870000,29/11/2017 11:49,0.0125,"Great, and we should boycott Fake News CNN. Dealing with them is a total waste of time! https://t.co/8zJ3j7g5el",great,and,we,should,boycott,fake,news,cnn,dealing,with,them,is,a,total,waste,of,time,http://...,,,,,,,,,,,,,,,,,,,,,,,,,,,,,,,,,,,,
935841679977910000,29/11/2017 12:03,0.5,Looks like another great day for the Stock Market. Consumer Confidence is at Record High. I guess somebody likes me (my policies)!,looks,like,another,great,day,for,the,stock,market,consumer,confidence,is,at,record,high,i,guess,somebody,likes,me,my,policies,,,,,,,,,,,,,,,,,,,,,,,,,,,,,,,,
935844881825763000,29/11/2017 12:16,0.0575,"Wow, Matt Lauer was just fired from NBC for ‚Äúinappropriate sexual behavior in the workplace.‚Äù But when will the top executives at NBC &amp, Comcast be fired for putting out so much Fake News. Check out Andy Lack‚Äôs past!",wow,matt,lauer,was,just,fired,from,nbc,for,inappropriate,sexual,behavior,in,the,workplace,but,when,will,the,top,executives,at,nbc,&,comcast,be,fired,for,putting,out,so,much,fake,news,check,out,andy,lacks,past,,,,,,,,,,,,,,,
935874566701842000,29/11/2017 14:14,-0.25,So now that Matt Lauer is gone when will the Fake News practitioners at NBC be terminating the contract of Phil Griffin? And will they terminate low ratings Joe Scarborough based on the ‚Äúunsolved mystery‚Äù that took place in Florida years ago? Investigate!,so,now,that,matt,lauer,is,gone,when,will,the,fake,news,practitioners,at,nbc,be,terminating,the,contract,of,phil,griffin,and,will,they,terminate,low,ratings,joe,scarborough,based,on,the,unsolved,mystery,that,took,place,in,florida,years,ago,investigate,,,,,,,,,,,
935881037254725000,29/11/2017 14:40,0.078125,Just spoke to President XI JINPING of China concerning the provocative actions of North Korea. Additional major sanctions will be imposed on North Korea today. This situation will be handled!,just,spoke,to,president,xi,jinping,of,china,concerning,the,provocative,actions,of,north,korea,additional,major,sanctions,will,be,imposed,on,north,korea,today,this,situation,will,be,handled,,,,,,,,,,,,,,,,,,,,,,,,
935883355547160000,29/11/2017 14:49,0.199393939,"Economy growing! Excluding hurricane effects, CEA estimates that real GDP growth would have been 3.9% in Q3.Stock market at a new high, unemployment at a low. We are winning and TAX CUTS will shift our economy into high gear! https://t.co/HrKIF72VqE",economy,growing,excluding,hurricane,effects,cea,estimates,that,real,gdp,growth,would,have,been,39,in,q3stock,market,at,a,new,high,unemployment,at,a,low,we,are,winning,and,tax,cuts,will,shift,our,economy,into,high,gear,http://...,,,,,,,,,,,,,,
935940131311190000,29/11/2017 18:34,0.33,"Departing @JBA_NAFW for St. Charles, Missouri to help push our plan for HISTORIC TAX CUTS across the finish line.A successful vote in the Senate this week will bring us one giant step closer to delivering an incredible victory for the American people!https://t.co/jR1DEUnm2h https://t.co/XF9sRwdV8u",departing,@jbanafw,for,st,charles,missouri,to,help,push,our,plan,for,historic,tax,cuts,across,the,finish,linea,successful,vote,in,the,senate,this,week,will,bring,us,one,giant,step,closer,to,delivering,an,incredible,victory,for,the,american,people,http://...,http://...,,,,,,,,,,
936005585019002000,29/11/2017 22:54,0.272619048,"This week, the Senate can join the House &amp, take a strong stand for the Middle Class families who are the backbone of America. Together, we will give the American people a big, beautiful Christmas present-a massive tax cut that lets Americans keep more of their HARD-EARNED MONEY! https://t.co/9jddEW2Oo5",this,week,the,senate,can,join,the,house,&,take,a,strong,stand,for,the,middle,class,families,who,are,the,backbone,of,america,together,we,will,give,the,american,people,a,big,beautiful,christmas,present-a,massive,tax,cut,that,lets,americans,keep,more,of,their,hard-earned,money,http://...,,,,,
936014271858831000,29/11/2017 23:29,0.625,"A vote to CUT TAXES is a vote to PUT AMERICA FIRST. It is time to take care of OUR WORKERS, to protect OUR COMMUNITIES, and to REBUILD OUR GREAT COUNTRY! https://t.co/wW3QNxcCHf https://t.co/sRL2yRK6k2",a,vote,to,cut,taxes,is,a,vote,to,put,america,first,it,is,time,to,take,care,of,our,workers,to,protect,our,communities,and,to,rebuild,our,great,country,http://...,http://...,,,,,,,,,,,,,,,,,,,,,
936032275980079000,30/11/2017 0:40,0.173333333,"Now, we have a once in a lifetime opportunity to RESTORE AMERICAN PROSPERITY ‚Äì and RECLAIM AMERICA‚ÄôS DESTINY.But in order to achieve this bright and glowing future, the SENATE MUST PASS TAX CUTS ‚Äì and bring Main Street roaring back to life!https://t.co/jMNwEMrbbr https://t.co/3Niu0thp1D",now,we,have,a,once,in,a,lifetime,opportunity,to,restore,american,prosperity,,and,reclaim,americas,destinybut,in,order,to,achieve,this,bright,and,glowing,future,the,senate,must,pass,tax,cuts,,and,bring,main,street,roaring,back,to,life,http://...,http://...,,,,,,,,,,
936037588372283000,30/11/2017 1:02,-0.039583333,".@Theresa_May, don‚Äôt focus on me, focus on the destructive Radical Islamic Terrorism that is taking place within the United Kingdom. We are doing just fine!",@theresamay,dont,focus,on,me,focus,on,the,destructive,radical,islamic,terrorism,that,is,taking,place,within,the,united,kingdom,we,are,doing,just,fine,,,,,,,,,,,,,,,,,,,,,,,,,,,,,
936037938898636000,30/11/2017 1:03,0.1,The House of Representatives seeks contempt citations(?) against the JusticeDepartment and the FBI for withholding key documents and an FBI witness which could shed light on surveillance of associates of Donald Trump. Big stuff. Deep State. Give this information NOW! @FoxNews,the,house,of,representatives,seeks,contempt,citations,against,the,justicedepartment,and,the,fbi,for,withholding,key,documents,and,an,fbi,witness,which,could,shed,light,on,surveillance,of,associates,of,donald,trump,big,stuff,deep,state,give,this,information,now,@foxnews,,,,,,,,,,,,,
936039501474025000,30/11/2017 1:09,0.358333333,The only people who don‚Äôt like the Tax Cut Bill are the people that don‚Äôt understand it or the Obstructionist Democrats that know how really good it is and do not want the credit and success to go to the Republicans!,the,only,people,who,dont,like,the,tax,cut,bill,are,the,people,that,dont,understand,it,or,the,obstructionist,democrats,that,know,how,really,good,it,is,and,do,not,want,the,credit,and,success,to,go,to,the,republicans,,,,,,,,,,,,,
936052257392676000,30/11/2017 2:00,0.025,"""‚ÄúHad the information (Crooked Hillary‚Äôs emails) been released there would have been harm to National Security....""""Charles McCulloughFmr Intel Comm Inspector General https://t.co/b0tLW5TVhX""",had,the,information,crooked,hillarys,emails,been,released,there,would,have,been,harm,to,national,securitycharles,mcculloughfmr,intel,comm,inspector,general,http://...,,,,,,,,,,,,,,,,,,,,,,,,,,,,,,,,
936058006659321000,30/11/2017 2:23,0.125,Funny to hear the Democrats talking about the National Debt when President Obama doubled it in only 8 years!,funny,to,hear,the,democrats,talking,about,the,national,debt,when,president,obama,doubled,it,in,only,8,years,,,,,,,,,,,,,,,,,,,,,,,,,,,,,,,,,,,
936203511037136000,30/11/2017 12:01,-0.3125,"The Failing @nytimes, the pipe organ for the Democrat Party, has become a virtual lobbyist for them with regard to our massive Tax Cut Bill. They are wrong so often that now I know we have a winner!",the,failing,@nytimes,the,pipe,organ,for,the,democrat,party,has,become,a,virtual,lobbyist,for,them,with,regard,to,our,massive,tax,cut,bill,they,are,wrong,so,often,that,now,i,know,we,have,a,winner,,,,,,,,,,,,,,,,
936206961728786000,30/11/2017 12:15,0.219444444,The Failing @nytimes has totally gone against the Social Media Guidelines that they installed to preserve some credibility after many of their biased reporters went Rogue!  @foxandfriends,the,failing,@nytimes,has,totally,gone,against,the,social,media,guidelines,that,they,installed,to,preserve,some,credibility,after,many,of,their,biased,reporters,went,rogue,@foxandfriends,,,,,,,,,,,,,,,,,,,,,,,,,,,
936209447747190000,30/11/2017 12:25,-0.263194444,"The Chinese Envoy, who just returned from North Korea, seems to have had no impact on Little Rocket Man. Hard to believe his people, and the military, put up with living in such horrible conditions. Russia and China condemned the launch.",the,chinese,envoy,who,just,returned,from,north,korea,seems,to,have,had,no,impact,on,little,rocket,man,hard,to,believe,his,people,and,the,military,put,up,with,living,in,such,horrible,conditions,russia,and,china,condemned,the,launch,,,,,,,,,,,,,
936032830844555000,30/11/2017 12:43,-0.039583333,"Theresa @theresamay, don‚Äôt focus on me, focus on the destructive Radical Islamic Terrorism that is taking place within the United Kingdom. We are doing just fine!",theresa,@theresamay,dont,focus,on,me,focus,on,the,destructive,radical,islamic,terrorism,that,is,taking,place,within,the,united,kingdom,we,are,doing,just,fine,,,,,,,,,,,,,,,,,,,,,,,,,,,,
936219599422574000,30/11/2017 13:05,0.449090909,Stock Market hits new Record High. Confidence and enthusiasm abound. More great numbers coming out!,stock,market,hits,new,record,high,confidence,and,enthusiasm,abound,more,great,numbers,coming,out,,,,,,,,,,,,,,,,,,,,,,,,,,,,,,,,,,,,,,,
936260193536573000,30/11/2017 15:46,0.063611111,"The Dow just broke 24,000 for the first time (another all-time Record). If the Dems had won the Presidential Election, the Market would be down 50% from these levels and Consumer Confidence, which is also at an all-time high, would be ‚Äúlow and glum!‚Äù",the,dow,just,broke,24000,for,the,first,time,another,all-time,record,if,the,dems,had,won,the,presidential,election,the,market,would,be,down,50,from,these,levels,and,consumer,confidence,which,is,also,at,an,all-time,high,would,be,low,and,glum,,,,,,,,,,
936315571708289000,30/11/2017 19:26,1,Thank you @SenOrrinHatch. Let‚Äôs continue MAKING AMERICA GREAT AGAIN! https://t.co/PIv9OAVZcf https://t.co/6egRvuwj1l,thank,you,@senorrinhatch,lets,continue,making,america,great,again,http://...,http://...,,,,,,,,,,,,,,,,,,,,,,,,,,,,,,,,,,,,,,,,,,,
936339260218724000,30/11/2017 21:00,0.4,"Today, it was my great honor to meet with the Crown Prince of Bahrain at the @WhiteHouse. Bahrain and the United States are important partners.During the Crown Prince‚Äôs visit, he is advancing $9 BILLION in commercial deals, including finalizing the purchase of F-16‚Äôs... https://t.co/vYuw7UGYmN",today,it,was,my,great,honor,to,meet,with,the,crown,prince,of,bahrain,at,the,@whitehouse,bahrain,and,the,united,states,are,important,partnersduring,the,crown,princes,visit,he,is,advancing,9,billion,in,commercial,deals,including,finalizing,the,purchase,of,f-16s,http://...,,,,,,,,,,
936351772603568000,30/11/2017 21:50,0,Our FIFTH 1K milestone of 2017!#DOW24K #MAGA https://t.co/NoVt1uFp0y,our,fifth,1k,milestone,of,2017,#dow24k,#maga,http://...,,,,,,,,,,,,,,,,,,,,,,,,,,,,,,,,,,,,,,,,,,,,,
